Cycle,Voltage,Current,Temperature,Capacity,SOH
1,3.679744651750769,4.6184384884245215,24.56825319751753,2.02798710873172,100.0
2,3.686850510118688,4.823158711487426,25.008219687313826,2.0137283873015814,99.7617856821663
3,3.6762274023700012,4.917278893315671,25.009008436022224,2.0011926073984037,100.0
4,3.690761154110829,5.377537531468038,25.236315172921703,1.9870612644458885,100.0
5,3.6252894379972256,5.101633802207205,24.36495493185732,2.0042876435727255,99.51615886502267
6,3.6866523771765483,4.722229938047784,25.349652377584853,1.9971959595761972,99.46631259338811
7,3.700036164260867,5.097207257883527,23.647804184198613,2.0179038644005547,100.0
8,3.6754873410679543,4.690539202212327,24.685057723818094,2.0127034360336395,100.0
9,3.6857942241427897,5.198168942717857,24.847709419072018,2.0026217862468285,99.0815365970221
10,3.728127104128797,4.905775069636424,25.31666341303562,1.9892952957687886,100.0
11,3.614332609477871,4.961034603013755,25.112506222530488,2.006109722074276,98.98809203807946
12,3.6377527227604745,5.243880662544903,24.403611807889533,1.9826733251303132,98.93606665182327
13,3.6619063269770815,4.734448690321367,24.548096416900414,2.0333866214907217,99.59407020191081
14,3.5752019767673655,4.668359643950716,25.360423599907133,1.933999524611523,97.3891640486657
15,3.6334160882857827,4.833837887718815,25.20767756412764,1.9852770290513213,97.52788764940081
16,3.6438986621520244,5.180493849293165,24.846347549735615,1.9767762947585548,98.64090395446509
17,3.623273087901285,4.658946208223877,24.94550598864779,1.949787063246956,98.14077116596225
18,3.6183606818334924,4.421934584575559,25.40625547759128,1.9786879875165864,99.41828520988363
19,3.6504820851507236,4.8726977116935775,24.92650629668851,1.9565225372114903,98.14647416876883
20,3.5737513960769123,5.062201753453814,25.19668641062731,1.9603369123996686,97.59267967358151
21,3.7017979789079902,5.240052349947766,26.084968294040273,2.01045670976071,100.0
22,3.659490616489608,4.880972759123927,24.420133523853004,1.962131031462235,98.68025157705034
23,3.701012028765891,4.896196987166384,24.18166709126475,1.9779952167443648,98.92411542947922
24,3.5638850427256714,5.178428608850741,25.653552522401345,1.990493869171829,97.38242309997959
25,3.5433103363453053,4.590319606558175,24.83933873686665,1.9988188098992736,98.21339732486297
26,3.6618309217369407,4.898682566798171,24.958947626954828,1.9851131952282532,98.81933609173863
27,3.661814223456311,4.988246339072031,24.858614005499348,1.9509216306503832,97.50807805435096
28,3.699630131039562,5.0695527931496445,24.97155468515306,1.9821096754270024,98.98545244463186
29,3.630803240241058,4.857235125028212,26.003286737716227,1.9714668231209969,97.95982318331943
30,3.6193724222200188,4.971278206551428,25.579114208257764,1.9439341529062915,98.21950021051298
31,3.6450427082280434,4.45953941057628,25.645087349649096,1.952057350510411,97.8602440629439
32,3.670793614008866,4.86835031753323,24.291886472103677,1.9666283185224482,100.0
33,3.6532422395108712,5.05770255679748,24.589419060290634,1.9749852767386917,98.35004071432931
34,3.613660433552796,4.748674343839765,23.854794916803783,1.958077069484756,97.25665753453507
35,3.698053730933555,4.993552213890129,24.686532741597574,1.9720916403262223,99.0877684786105
36,3.671614405844118,5.029279691877721,25.778825634606925,1.971384926982982,96.99525958585906
37,3.6516797080201675,4.899007580912125,25.420886152455797,1.9430021078236313,98.3758710541839
38,3.542586936943606,4.957258076207331,25.273416758483858,1.8938778244038201,96.15826610040082
39,3.5786387990230635,4.7422675563424415,25.314779511144152,1.9393031057705632,96.7407034699682
40,3.5809466798154785,4.923012315391683,24.83388437205783,1.985276537383136,98.21672856654465
41,3.6314040464828747,5.096229958466789,25.231445818456173,2.0078652783781012,98.7093362274472
42,3.6171723221676366,4.993259886956405,25.573612665926717,1.9526876095053398,98.09326473813593
43,3.601297428249444,4.837839735377743,24.41632665984211,1.9767196059591565,97.75729946452653
44,3.6129186791136854,4.995301677048793,25.397531862965504,1.9496882268006201,97.52291980953171
45,3.538301666000284,5.068853992706647,25.836557262580712,1.9224794885805079,96.29660172896621
46,3.6228678742702556,4.530139827663165,25.091809438625013,1.9578012821283934,97.006404168933
47,3.5970262836967564,5.176149986909671,25.628674436467833,1.9573816314867605,97.2167586959246
48,3.6510916388402066,4.906462916303982,26.53875790203529,1.9421860209005122,98.68569320200986
49,3.613328484216753,5.04356573027623,25.155489885365636,1.9879985506227018,97.9233871814092
50,3.5480699092721792,5.154808405678456,25.61985842025561,1.9429608480323597,95.76795104747053
51,3.6435868569808783,4.681791697873285,24.850339271572416,1.9436151832891873,97.8063218659689
52,3.564777880705642,4.799080333123664,25.385782913255163,1.9488846042779207,97.04842668045862
53,3.558448153507901,4.87644790848981,25.5593475741664,1.9440382513906054,96.70788238324754
54,3.614956835463859,4.802205304600605,25.30264112600761,1.9641694841419692,97.94780044127455
55,3.5974071800759337,5.313356670724189,24.658305562361434,1.9553632524799185,98.31846777784135
56,3.607716585780268,4.79204791721946,25.286169205738634,1.9499698686260567,98.17011679924089
57,3.5507008137751277,4.815910881930447,26.095996780219718,1.9265091564079915,96.35101189139101
58,3.609031736041324,4.97752648773678,25.541074475176337,1.9601032618013725,96.83243407080926
59,3.6125778341044086,4.708057118695241,25.738558474983623,1.9593590270023484,97.42435119552299
60,3.632551341174034,4.881265827288211,25.079484166796366,1.9529896829977416,98.02009848197318
61,3.596651090713443,4.993828031627551,25.72326322282428,1.9457713535904824,96.51686896887577
62,3.576069084592753,4.868665885742272,25.463444086014384,1.878267114206174,96.76189833093878
63,3.55604609033848,4.89717784164737,24.945268568019593,1.9388305274348006,95.79276067136793
64,3.5361180560140717,4.807222609187107,25.59381534401553,1.87829475610122,95.65445158383909
65,3.6197073902864068,4.649401354274342,24.742674587727365,1.9450465972824333,97.6147708055248
66,3.6125907918081914,5.026520562017328,24.8725502638102,1.9398085218569576,98.11009598747403
67,3.502274282309426,5.283656234360648,25.43131605349019,1.9067759905167811,96.63348100155996
68,3.6094169095151907,4.956893993389541,25.38255380052579,1.9764302029804244,97.6606833616427
69,3.630589833849779,4.984462223323445,24.70833676809176,1.930055375847698,96.97046999369678
70,3.5766570712998544,5.056852988446403,25.935450698476284,1.9252385150576448,95.91542187115152
71,3.6132876785925485,4.68360728126083,25.598636236299388,1.9365349689925857,96.87366902850847
72,3.6631603605009833,5.3005442499214865,24.84742919071673,1.969582134840028,98.00206591477829
73,3.5687191116981736,4.96806542629501,24.593209266723168,1.929136104831654,96.37998335052245
74,3.6294129872787844,5.285016523632208,25.13432199138735,1.9329852993306156,97.93225719071935
75,3.44835921985269,4.7273873342550505,25.407058476270176,1.8939192697487917,93.69969666799244
76,3.58296608827851,5.305476316381468,25.347250569176992,1.9319888002066772,97.09319659349516
77,3.581951183555272,5.081235449651355,25.187419915200223,1.8950727128712037,96.31021754221993
78,3.5835308849893845,5.028129288453887,24.408665213210416,1.908958968064098,95.8760635641708
79,3.5559105902265977,4.971180014382536,25.183950913289888,1.9543903193245928,96.21875617559533
80,3.4678751970778205,4.832121776397738,25.438052944402703,1.898831934854898,94.09137500063142
81,3.545031887607939,5.1563312229608504,25.73570605605665,1.9092518485779189,95.8112445633038
82,3.5826171484206646,4.954872485295443,25.016897606065314,1.9198153572394643,96.34002556629164
83,3.560958975934877,4.5548426108603435,26.09805457879741,1.941823850553427,97.41282757888874
84,3.459756761447951,4.683936864438095,24.507308940776642,1.948909116450713,95.36870783897481
85,3.4996143536357085,4.8634419085454805,26.15252845398116,1.9082497680286612,95.0305529492015
86,3.4890857598579608,4.967787435895481,25.358902318249097,1.914388472206192,95.28938196311853
87,3.561126122562135,4.921855452755995,25.7639266834919,1.9537788196166122,96.65865752679876
88,3.5484600241431576,5.1642770950980195,25.43748605633293,1.9252587203198175,96.02414685696436
89,3.5057611405363263,4.512135623304175,26.057997787453232,1.8971751531954868,95.11779980559504
90,3.599755603841787,4.950977899629499,25.19501745608126,1.9183333153467677,96.11301561642335
91,3.548816741780179,4.549384911053439,24.885786006756746,1.9115487309425885,95.64903780654349
92,3.578509355543687,5.0813992832889205,26.062968022675097,1.9287123794618906,96.47284120960437
93,3.5245791239567303,4.876196316373993,25.467819380746963,1.909640650135133,94.75440296311967
94,3.4838348781268325,4.98554354665361,25.602671475568172,1.9026604699649328,95.08107761243933
95,3.5450241025474356,4.726602191084656,26.12048204100935,1.914031584746921,94.96893916013047
96,3.470172030509816,5.132890261523917,25.099036002990946,1.8753829435901954,93.84986375961836
97,3.5559030242002145,5.119582016964731,25.741560028054824,1.912809787959283,95.56185420764805
98,3.50057350796392,5.026292225442986,25.157135797565516,1.8696193511499657,95.47916824203038
99,3.4748855200201993,4.877609136033086,25.416352395148945,1.9218391388998233,95.17562927028868
100,3.535405836458513,5.013738563392952,25.54730395102252,1.904696875851885,94.88835531669626
101,3.47671310441467,4.731821928906176,24.883886856758302,1.8931606447008387,93.66002212518228
102,3.473405657396937,5.063255566413689,25.149859305542048,1.8342193270456733,94.60722173047735
103,3.4755031753104073,5.222649188458648,26.211771398237254,1.9345205036894784,94.63765047969319
104,3.516595591889935,5.096734300297184,26.030034652785663,1.8798203957382433,94.13060941506734
105,3.4691110597888026,4.748562433916801,25.496265571944974,1.9166465842130325,94.72414639391411
106,3.57323611648432,4.9771245055555084,25.59735651875201,1.8840429235583764,95.24205210504435
107,3.550022238019425,4.674907291280086,25.18520074702269,1.9457910781330678,96.67678000159083
108,3.531109930899684,5.012833831495369,26.186512846612825,1.8772874579967604,94.91778846301168
109,3.503417292958226,4.989188708102613,25.40448358345239,1.8865926463161895,94.95340127650528
110,3.5173361714770124,4.517518109685211,25.658514158109202,1.92976200466898,94.57406887958221
111,3.4129265325511184,4.621291854252416,26.30477195689659,1.8498349750196217,92.68243115174442
112,3.4926300022206767,4.833920214923055,25.158574286218006,1.8948966517354027,94.52739971359041
113,3.5002020856617326,4.831165623760949,26.32270672630288,1.908738927802889,94.5668786594557
114,3.556072391144648,4.696557593898992,24.54250439021455,1.9483666187422046,96.92264904913762
115,3.5083583690954643,4.962192307347658,26.39283825817029,1.8874049395800934,94.2198280738611
116,3.4872656501883506,4.9436255635083715,25.347007999422665,1.9006300617695937,94.66654208601346
117,3.4816171565394716,4.846808419009525,25.450339399061217,1.9337305571099939,94.28311227026141
118,3.414943477251091,4.710881677530136,24.744795026599483,1.860887601621137,93.10199887809044
119,3.451685908660747,5.117068948756073,25.23596502394735,1.9113495044070596,95.36637617363802
120,3.506619463593126,5.229649150439892,24.987258095375395,1.919580815742385,94.92838639111164
121,3.5844335900570816,4.801695880208365,25.2041359424249,1.920518695636832,94.92040884888362
122,3.4709367799807715,4.74102534702516,25.61405086482494,1.887199336567332,93.17293652280622
123,3.53063147734849,5.007003310779979,25.935086918748556,1.921536382138163,95.43808888487897
124,3.4178114669274673,4.780122876376935,25.845157914068654,1.8288686540717227,92.58643761631662
125,3.4982160216648324,4.86268382737031,25.701021989185772,1.923231898148979,94.52816337514786
126,3.571551284260018,5.0696266902394,24.84376000610489,1.8987691520340921,96.08480299472329
127,3.400280012923356,4.4752662945972554,25.273935394705063,1.8631902214034948,92.85687560493571
128,3.483095133108463,5.128344509439938,26.57594228682864,1.8495985274690163,93.23420222347018
129,3.4940321627410635,4.891601360691721,25.247073203489116,1.8757824888939922,93.85326279129261
130,3.4700665870653316,4.781766784760047,26.507777057666235,1.8706406618785525,93.20327068362414
131,3.4211961982254686,4.824337994053644,25.6675452760699,1.8486119692069387,92.10924124489667
132,3.4668095276776327,4.866118859083462,25.63297902767496,1.882071403164064,93.68164940396791
133,3.4428333883395625,4.503839496749155,26.28478379292427,1.8823539828193123,92.50398787190697
134,3.4954995888918168,5.178849896776904,26.236634954538047,1.8889329373165364,93.99311256431284
135,3.4138526482844203,4.859332083001503,25.68925893712356,1.846183823841566,92.55334782736895
136,3.4969032720344324,4.988120061344254,25.30828029696534,1.918801378620545,94.9759817627389
137,3.4291111194244532,5.04223180847513,25.712430503937288,1.8757112641388136,92.59609271801604
138,3.4878630447345933,4.655979638320231,25.867918114954605,1.8356599735295507,93.01060649161452
139,3.444509418295918,4.976684990923551,26.03569878785235,1.8939386125135027,94.09953055582527
140,3.360289395971379,4.786642135303459,25.80126316208099,1.8541938083294354,92.00851767416087
141,3.4614914790629094,5.037758832786982,25.96741976029316,1.8624534076764834,93.42023388718415
142,3.4962999138362214,4.463621155270533,26.37384666943131,1.916580775607065,94.45333196704163
143,3.3904095973533357,4.810024030450245,26.0414403536399,1.8268417787578486,91.49214452492495
144,3.4571143632044117,4.744190337636265,25.8320540840371,1.8672659978624886,93.23772343965288
145,3.444162858391179,4.951781739332357,24.913898841427336,1.8618677127198484,93.26645746027629
146,3.513146420509256,4.968846954960772,24.31044434414981,1.875149698438761,93.74190587435658
147,3.344009443771837,4.692008098401072,26.0265214777877,1.8116077756275728,91.67666386827385
148,3.362373461785238,4.68849948258568,25.797916607255118,1.8021332377690034,91.54671277104445
149,3.4505818491415927,4.8447207057188395,25.408339765391105,1.8987438806948043,93.34268897151524
150,3.3943436679906482,4.682098220658728,25.814631771484326,1.8444874391554027,93.07133330608846
151,3.434927606305631,5.027966057165341,25.67195154502697,1.839741471085789,92.97846590374576
152,3.4918826529929423,4.786719937219215,26.26108323877343,1.8174935750366294,93.02806886543519
153,3.4029714628191168,4.257707690281746,25.847528763399115,1.8263260991922843,91.95526670730372
154,3.44130687231055,4.78146036983185,25.344414451683864,1.8299629852880608,92.82123905781053
155,3.3971187288244304,4.649006734090453,26.21150562818341,1.8895558014619747,92.83577491296236
156,3.3774465335029356,4.509386661634362,25.713225338894144,1.8558381665134038,91.78209123632756
157,3.478435387249384,4.638834282441487,25.831670291406148,1.8725566031824465,94.31598050430006
158,3.4269480856178705,4.879438201675003,25.473512110361554,1.9026052234152955,92.87782536542046
159,3.4116097583374585,5.089058135642806,25.55843670728548,1.8429652797329916,91.16649849965799
160,3.4565536969717576,4.922000659718944,25.745265290363108,1.8528671372757757,92.9681882472974
161,3.344416182753377,4.704515496119819,25.87733345295701,1.7758280594654952,91.29080868814833
162,3.4486339320364805,4.951309913998205,25.93926814286309,1.9059479264158798,93.00645374820326
163,3.4682257153375606,4.774819269244124,25.532490466905514,1.8388458819526508,93.33186656439614
164,3.412545472553115,4.687210197193035,24.951168752986487,1.7932222960865254,91.30651355128316
165,3.4900634574492684,4.630017864651899,25.479161066713328,1.8813418069386882,93.04451991492478
166,3.3901193132562755,4.498592151628635,26.152119668677013,1.8977529611057644,92.44789564894896
167,3.409687521267061,4.7782386352304735,25.570195077666632,1.8839088329125733,92.81116882711814
168,3.434349652142719,4.908409069827355,25.492816439526084,1.8880765542443756,93.83991859216641
169,3.3840951688289618,4.813710814430628,26.32801051078494,1.8449306352669115,91.6517774216803
170,3.384597965437555,4.738756459926293,25.534264158791714,1.839018156691371,91.09749227578824
171,3.393504630901917,4.629166785376451,25.13701840329951,1.8334945693115428,90.91579987579037
172,3.362635144261562,4.940521495077986,25.825323156532285,1.8244960852203806,90.94361283704966
173,3.380953341557444,4.569302679391813,25.59426770746999,1.8348130854601665,91.63645316905645
174,3.4088806166783416,4.995382813531332,25.315990686310187,1.838925368204647,92.00886153813187
175,3.375193097634557,4.637528155503011,25.722452975608878,1.822892267511022,91.89857796441777
176,3.481607185741481,4.697578370956765,26.005425731486532,1.8424519168900362,92.40327092136859
177,3.3388727489091323,4.5375092211864185,25.841024422668326,1.7970071230256455,91.54331296547767
178,3.444251600447165,4.758481399314923,25.859681392882866,1.8567950361561552,92.93809143460251
179,3.4341524647070125,5.018545885279446,26.789286881338462,1.803711571440832,91.17416967919252
180,3.4823956400041602,4.98539137156304,25.417231799849972,1.8601939675299333,94.11328769371244
181,3.397303556250786,5.035146437162814,25.94186424353631,1.8430598977802755,91.97310073786029
182,3.335727338055568,4.913320779856993,25.700931965349405,1.8367323163970977,90.44461353351029
183,3.331442096881308,4.582970816636726,25.558296228342513,1.8220711144628463,90.18523911714
184,3.4338259869211285,4.767701902529533,25.538247436315892,1.8024497353225808,91.69298736975222
185,3.2984781001715673,4.662789340398914,25.666474883127123,1.7990366034909997,90.94145831112033
186,3.4438369804160174,5.102781991281931,25.996402846402948,1.8554824342338874,91.83335052370614
187,3.344521742012654,4.591583058058607,27.019833956631032,1.811291039473103,91.54703936719346
188,3.3573519806455017,4.997848484106219,25.546433550720096,1.8146162832284563,90.95544731141983
189,3.3221539179388198,4.981310368912446,25.778089372738812,1.8137206368711827,90.13597974453458
190,3.3262871083122016,5.154372964785963,26.026193871230646,1.769082035345473,89.42244622213728
191,3.298533154335592,4.726969105740102,26.15336730302486,1.811013934388921,90.4453212133001
192,3.4068687948266394,4.976520439939914,25.961495365857985,1.8073754981255177,91.70280040119408
193,3.4282873783504977,5.276632037389873,26.54053954656354,1.8082743172030795,91.01508350410519
194,3.2709696677429814,4.666668901305567,24.835817781270865,1.7965928753751566,89.5098618346153
195,3.368377543041272,4.510660252122156,24.71819355675903,1.7858084269579937,90.88341508143135
196,3.348998221605576,4.4450021483208655,25.647040138482833,1.8298136498616264,91.05020775512092
197,3.332997953719151,4.937256642276785,26.57507891124926,1.794321480525985,89.73571182522593
198,3.3575102819295863,4.437929876554291,25.144376393367164,1.8256097172543504,90.72799590830037
199,3.332481929824652,4.737280263518351,24.437463459623444,1.8162223567872289,90.58720370529679
200,3.3202447142594487,4.874278067523099,26.351512552533073,1.8140982387147833,89.34077150576532
201,3.4135934915537396,4.852961079398489,26.042198751688822,1.8184304620854645,90.79629860162532
202,3.359574135401503,4.904170729135927,25.359487015104822,1.8104936454765879,90.95408781495465
203,3.404545997828148,4.873081354708117,25.3641132818998,1.8310693336085928,91.43116917739735
204,3.3414018283640003,5.08290830704113,25.37945241829041,1.8380011049591791,91.35675721892257
205,3.2598722961668716,4.58713963599895,26.167253098003425,1.7785801135532233,88.88014560733546
206,3.3173424637411624,4.650098418473024,25.759355131084845,1.786309279988808,89.27487230823652
207,3.399781069887664,4.659120861773719,26.17876820534834,1.7996129170717488,90.6826375413942
208,3.364212081105779,4.978764676233175,24.509055099244534,1.7994682955096348,90.63631569303269
209,3.342531773883097,4.991930266218899,25.512321324736664,1.7837984431038933,90.59252742699437
210,3.4737305408861086,4.967948738849327,25.048454644616346,1.9126952098493646,93.88518374928128
211,3.313146266409654,5.047865489285416,25.815995881276606,1.7862894911996043,90.5583377953715
212,3.3880225863582627,4.585952435480184,25.623173075977633,1.8077025049995419,91.078030447773
213,3.387975735315507,5.150474953902554,26.313771231986248,1.8026619862809428,90.85150657961634
214,3.3350837563774527,5.114726895349179,25.019935759136338,1.8279776585456158,90.50395855033635
215,3.2971169065834918,4.936972059457948,26.073507438121386,1.7839486664429578,89.49238300043992
216,3.3572803148404216,5.166794359024947,26.226995325252176,1.83538941872421,90.52172886353677
217,3.2778657858036846,4.447576643807635,27.033817291565025,1.7654314728583131,88.94506426715952
218,3.3071562778553165,4.68383483560914,25.81549470014491,1.7943043461061468,89.43622314308354
219,3.3612772105451216,4.635796365631245,26.247944013338078,1.7661501167024405,89.14285288838178
220,3.3102048727320685,4.937601618132251,25.131539836814905,1.8362087359362507,89.66528766903915
221,3.3878215841073818,4.627037683792013,24.618692739281276,1.8133138633318522,91.85329158562212
222,3.2227583047424657,4.904031223873725,26.659726217859713,1.7587286082107678,87.62660970031136
223,3.357335534380946,5.076815215413369,25.983679920105835,1.815383524232668,90.13539933070129
224,3.242856540320762,4.894874777593721,26.810085357014604,1.7641101795259515,87.79170987884608
225,3.2693675141176564,4.8345062616335435,25.42451827100891,1.7740503037236885,88.88780284506214
226,3.38458773548524,4.610505663991228,26.219549408907486,1.8054839181767095,90.40401660856891
227,3.347971977563326,4.617323799979206,27.00093895425053,1.7875702226438615,89.33469966021397
228,3.2434651730093655,5.0128847972655635,26.39504772314748,1.7600209761736605,88.14805081031152
229,3.2172417363636265,4.925187603432118,26.29170173954027,1.7885953849869494,88.46589013255256
230,3.353425259860967,4.788520338916848,26.022656826450394,1.8405347028241832,89.81621213961782
231,3.2488436571308554,4.683651902686635,25.378390212237974,1.756083976139657,88.36169059199068
232,3.326486061990065,4.380118043764309,26.75138837592225,1.7578835587950032,89.26398091932924
233,3.2356944023587935,4.5668011470145435,25.78971302634031,1.7792059897844064,89.04858153757156
234,3.294133921992186,5.148422196802652,26.421549731317977,1.8177325661277928,88.30691896873532
235,3.3328106668884714,4.565068791078909,25.11268332031736,1.805086413920008,91.05799526397013
236,3.3335533220718467,4.827966449919811,25.459917739368134,1.8228528217844764,89.50352428377975
237,3.212029634258938,4.937489574219496,27.037539801708835,1.7695547958619855,86.80003897902283
238,3.263169489883785,4.52836015421883,25.929625416424635,1.7682729229851288,88.96723439096444
239,3.2465496403462533,4.79843438129895,26.919176306307605,1.7728719479264388,88.07461431713666
240,3.3337352029496437,4.97847264763237,26.006436969819543,1.82345747259281,89.54447700651197
241,3.253818789449347,4.759603624303553,25.293532313910557,1.749521205102353,87.85518799610513
242,3.291612791573539,5.343453801489767,26.597167848083792,1.7657015831543659,88.48865951782065
243,3.3546646442485506,4.447562000501705,25.798644579735477,1.7696482339983708,89.06409261386719
244,3.260154657292683,4.999357546865433,26.411285202315238,1.7673167062747992,89.38059204443283
245,3.277517258478885,4.710845534266558,26.285576025040783,1.7324203308445316,87.27029408729258
246,3.262529683874619,4.916221331372157,25.41925438400445,1.7373584950695777,88.09186502024114
247,3.2256035746404415,4.846405806604787,26.291425501360596,1.7588260456301226,87.9072188132469
248,3.2044228208887815,4.6070618576920275,27.32964608550626,1.7382936324928548,87.68465485570138
249,3.326519762222726,4.846984886030267,26.24056519156524,1.8058613257742133,90.05928037691992
250,3.307872366226293,4.401513149108753,26.10577392655522,1.7419755264643375,88.6546719694205
251,3.213127148458299,4.859543349881644,26.843202452141625,1.745511454411654,86.94469248836823
252,3.341270473047087,4.841218625706032,26.19739957006192,1.798257511740106,89.07934662539638
253,3.295328861898928,4.932523456755904,26.08080999999498,1.7649167101758543,90.23957115136417
254,3.296553134814492,4.993740315422767,25.543604161893764,1.7895977818022883,89.10583252026684
255,3.163297146513926,4.803723400391305,26.46592685114799,1.7547528121988278,86.5099716174681
256,3.24844979861788,4.779639960791617,26.767611324048662,1.7258292564581383,87.50110384159812
257,3.3273125151709633,4.607951680488306,25.661142184847165,1.8176167955573184,89.20826739102822
258,3.2133970484803314,4.601350389048981,26.99327520172952,1.7521749219661118,87.18972708893953
259,3.1888728802827084,5.0032924894308834,26.12441916095035,1.7518453282802493,88.29727826977087
260,3.283582998786857,5.0589506240509055,25.69769752968218,1.7705681613565551,88.58417714548547
261,3.2261347530139486,4.689152289203504,26.814944156130547,1.7479409147163498,86.83871882329576
262,3.2556321697214257,4.762445591111506,26.09037767382661,1.7547651494890995,87.66225208304256
263,3.1612298921819573,4.5078103284754585,26.93609142637199,1.6995083233231396,84.4366601737106
264,3.172427728674841,4.966745606385549,26.193149497210428,1.7137807654704733,86.60971186660304
265,3.2519023177549187,4.879837869922899,26.23631440231233,1.7501417216652648,87.33772525922716
266,3.228828088444093,5.114218007870996,26.61690749927592,1.6977002306401454,86.29872602891226
267,3.2446432259424567,4.607038548597918,26.231932708625674,1.780478642806892,89.1351582016933
268,3.1926575628253615,4.644975721843812,25.399347601536853,1.7024991488181596,86.02886508237276
269,3.202958610905298,4.785794052524318,25.74185378985678,1.7247942691674092,86.97524340096022
270,3.2351405944122638,4.879344542466945,26.714471817786453,1.7747684984259995,87.50233174608954
271,3.2948903090369694,4.732250264128754,26.057012747357824,1.797209994050166,88.76918958191403
272,3.1617739836912153,4.54237580386311,26.15329423884504,1.7291507843719933,85.84840109769249
273,3.2506692014154868,4.944357421347057,25.480333414559546,1.7462296602688916,88.40379577811716
274,3.22769303247117,4.888372185993727,25.739406271939025,1.7378169444907143,87.20725567423052
275,3.155743896734826,4.540183706860613,25.371908045152242,1.7477004809729404,86.17192634866784
276,3.2075882341406396,5.022528013197962,26.192162375764923,1.7542737912496602,87.57197264884311
277,3.2492004369206438,4.979347438289023,25.974242727460968,1.7916942872493358,87.26538482248509
278,3.1631718597858955,4.755311018822885,25.874447457640706,1.7363180761612145,86.42258596866635
279,3.2408062380281817,4.756901660583805,26.261027846873034,1.7448230704383982,87.04910440542987
280,3.216246606677315,4.841821753083558,26.52693432112449,1.7248278695763266,86.55050994301882
281,3.1674435001618515,4.567777062719326,27.346010582252084,1.7427884948662236,87.0058838385289
282,3.217582348668581,4.756227532718573,25.49295210578961,1.747171840158146,87.51106184428784
283,3.3063100539528985,4.337353978570854,26.74053708418681,1.7819928610264621,88.39153437463452
284,3.1349645096070984,4.885777332095878,26.93411976553108,1.729620249331183,85.52431014976456
285,3.273584057874344,4.464737131589263,25.725274749923475,1.7613159868674761,88.85178880388176
286,3.148624633128534,4.9951503474863275,26.629286068290376,1.6678417227293723,84.7233190900264
287,3.223272627454967,4.663581879680487,26.123153882962303,1.6928817910117118,86.48029492368889
288,3.2180062378776526,4.701208443861867,26.375135088968864,1.7537016667863523,87.17709201240507
289,3.1946545691569432,4.610982880944014,27.0719171958977,1.7144623300374373,86.82648310804574
290,3.2202136981273357,4.659982821040655,26.7148501371903,1.674532783966021,85.87952979125353
291,3.243449059924336,5.008723604170369,26.629217510912916,1.7327889072313807,86.25086675703807
292,3.2085082087242554,4.220893656369093,26.192568401642134,1.7683153780247647,85.92276938380544
293,3.176538257908636,4.971057246748278,25.67965081988463,1.7155427512998427,85.78320847653202
294,3.201375022380932,4.811184692993401,26.1778659108645,1.760349812262092,87.17899983865296
295,3.180887262573099,4.491460856790608,26.938978145621697,1.7345017735330033,86.6432593181026
296,3.181032893418897,4.49594155936903,25.681395881810786,1.709026244915055,85.5502018989439
297,3.235237168548536,5.077270617291303,25.76249525666334,1.760373541509418,87.09960059248313
298,3.241223765186973,4.540182844226903,26.41671276703979,1.7234787293316758,86.46421101077244
299,3.23580162184602,4.507864016296989,25.81500201549546,1.7438819646976194,86.92670592080907
300,3.1628233708710933,4.961471438161534,25.93369562799945,1.7404424858125083,86.7004264844294
301,3.183913214155,4.771686135053568,26.268322910153987,1.6906137507235242,85.19877798981925
302,3.1307679677323406,4.520906661207192,25.77473241533257,1.7283326235052023,85.42458882572359
303,3.1959768896408196,4.777106631729243,25.84403089365022,1.7302824415144107,86.68908183241595
304,3.2083463447507454,4.5250334300628605,26.70079412443907,1.715069063601059,86.5091983395458
305,3.2357645733555054,4.936864035718028,25.762816328716987,1.7274299529049142,85.83498780167531
306,3.2727186405647433,4.930880184263589,25.608033976307766,1.7006366316531425,85.93029956444816
307,3.23896812045392,4.847356066077813,25.980213378665933,1.7415184494608067,87.0477413156712
308,3.1445224377938557,4.775044826495602,26.852414680023934,1.7025302343133142,85.13563071230992
309,3.206598693483466,5.076866556881068,26.278394436463586,1.7463468432242257,86.23144659537971
310,3.187884691325531,4.708723767396195,26.223776951349443,1.7182804665761482,85.43932509592746
311,3.1494779513509155,4.471245704709153,26.48407674979123,1.7071199906184111,85.3810264896657
312,3.2600800885736643,4.822988700348242,25.461676694661268,1.7494492437657865,86.65469588908904
313,3.201429143189066,5.143980772293003,26.613496014959615,1.7545755133659264,86.33856811927902
314,3.207437166830201,4.522726411718212,26.563325963924907,1.7368345164824202,86.28391551776915
315,3.2291046537777186,4.6623706500212485,26.12202974615191,1.7348702557569133,86.73316016800229
316,3.1726689337422282,4.791408848389909,26.962364052050116,1.6818829161226154,85.40598203848093
317,3.2080654409784577,4.70970401720662,25.833827015484644,1.6991827137462598,86.02424935038836
318,3.1260890625954207,4.503326666730931,27.065017582594816,1.6936828887193005,84.9893691403197
319,3.149753981790458,4.93599483308871,26.51913052358455,1.69943301779943,85.58116309213078
320,3.115112099174227,5.1656928612485205,26.32330012083557,1.69794529078536,85.08423584225345
321,3.168129834839556,4.744601858248537,26.463185350097064,1.7065085649416984,85.26877832218781
322,3.195169568142989,4.53367362477584,26.373931203479327,1.7250811378101751,85.72436413615203
323,3.1316651871267998,4.375576544255383,27.183298201878472,1.6839586737048955,84.26843246330387
324,3.27428555899965,4.7943253508384105,25.74800966329362,1.752460187470699,87.13650772970875
325,3.1076690101536126,4.900687301484054,26.21918121632269,1.6812013211170047,83.99559164104011
326,3.1186246681286134,4.769932153872502,27.14365842316911,1.6353892732463484,83.7449302286713
327,3.1520151223411834,4.721014447289399,26.094756455042226,1.702708507596794,86.07476077365845
328,3.1580240095591616,4.595462967281811,26.883680050467436,1.7104355465252399,85.66586488198361
329,3.182734266651959,4.490685183686104,27.304128440355747,1.6849240153729,85.4558955114861
330,3.185928552290361,4.875304583626093,26.257330894723598,1.7203528929610412,85.41771591805586
331,3.126366354832953,4.877449115230024,26.867207208523116,1.7253098075997813,84.73473954764536
332,3.0987246772000607,4.367001423610936,26.04241695458466,1.7005226179830288,83.80736904745413
333,3.0897729789138704,5.012729520670891,26.90355802386014,1.6904928676161497,84.73808625173768
334,3.0951727025974503,4.793670232622935,26.705432050772714,1.7086705111811331,83.9427994222067
335,3.1921644090107737,4.9909745582752025,26.681240994849894,1.7140289783900855,85.55278146230216
336,3.139624215700856,4.419340972042252,26.23838135528593,1.681024802316914,84.38832608696374
337,3.1107222500101783,4.400187751818935,25.802695377706304,1.6610845296312038,83.66762914510113
338,3.114284877002595,4.652796227985549,26.83867558267971,1.6765406962092462,84.12950449695043
339,3.138611350144385,4.796989023425276,25.486137733529088,1.6886686016754129,84.82160690231187
340,3.0808923787686693,5.035327306722081,26.461049043195295,1.6794634665841977,83.80275710683439
341,3.110542129595988,4.811257554108924,27.120382076480492,1.6732532509668954,83.5020885672949
342,3.1400854370018765,4.641980635810672,26.643364412071126,1.6905778115761465,84.5258445586539
343,3.140705320244896,4.484426025929045,27.525671985083793,1.6984386308571497,84.48499337311114
344,3.0807849979546904,4.919819597373407,27.143457162143,1.697632408325304,83.69097414147886
345,3.0317369636995464,4.480754726361037,26.304571748281308,1.6926868942200066,83.684790575559
346,3.1537096039599497,5.012609939390863,26.57907554774372,1.657218269067401,84.34581142181996
347,3.0427092149833075,4.595595685572515,26.713951571258704,1.6013941927957767,82.6236307746908
348,3.031139088762971,4.970560934352902,25.946689019180276,1.6711309180541174,82.62222599146659
349,3.101766291819158,4.801171082045228,26.20287642159096,1.6380472500650638,83.2692412016686
350,3.086333053035155,4.647246000615686,26.346394053989183,1.6701497904663243,83.73225492520889
351,3.147740040990341,4.580413671293662,25.56042502027759,1.6608906851377006,84.21464728294438
352,3.1759848968616082,4.638561515543922,26.490031279060126,1.6707034822615385,85.33715455065695
353,3.1535759686286715,4.779214089249456,26.407710323801435,1.704380005338505,84.67753753872046
354,3.052888805790414,4.687792097690262,25.801749057110616,1.687543901652772,83.61803992233595
355,3.133890417411482,4.555579392899713,26.830398060071396,1.6628114664989195,83.7170837256727
356,3.067430896353859,4.620707977621254,27.088765073921582,1.602013413841882,82.691712984239
357,3.0833757102372474,4.688393256978767,26.75012798425776,1.6617529620698874,83.63389255174685
358,3.0872131121492536,4.2406918071327055,26.505772782317173,1.674274706123719,83.3219313007834
359,3.0506989482352433,4.769463896050817,26.90656971041054,1.6482520417175945,83.89151365465386
360,3.072151821654691,4.458051559008136,27.07013116048086,1.6576630023470806,82.69979019757487
361,3.0772895943601526,4.449425811037561,26.75324032646629,1.6797860946952508,84.00461458393553
362,3.103542058380211,4.362056626229489,26.090066396524467,1.7111113256436523,84.97627478258153
363,3.0361726065434342,4.3070827880642435,26.80899394456648,1.668252895006105,83.2930643818911
364,3.1325689445055795,4.404147414650991,27.221555749045493,1.6557755364558182,83.76184576367247
365,3.0894406084173505,4.5383679761647855,26.300824632239717,1.704103597724173,84.00860838454416
366,3.1124088500649556,5.048163729541779,27.76141015938389,1.654341310575926,82.87559510182327
367,3.0719193181656275,4.564009665932957,26.391256527447318,1.6686395103217992,83.45928005559989
368,3.0274076542598234,4.6996734769225865,26.69558622832517,1.6454580964875156,83.20617278344898
369,3.0467420600756423,4.74508967907105,26.338790193147908,1.6561277567459545,83.24967008848924
370,3.0835588368504214,4.672961409270312,26.87789355782442,1.629052317746604,82.3374186013571
371,3.0697786227588946,4.646379182501826,25.819549780447243,1.6584089534485558,83.0933937323512
372,3.0739896193145144,4.431448403068925,26.374443321647767,1.7047413253916213,83.52535778943871
373,3.1289695394839807,4.978925505714435,26.010239419532756,1.6613019731999656,84.43699980292963
374,3.119488327276174,5.039512218020089,26.677304727483587,1.6458016613349773,83.9036444646256
375,3.1805974526724827,4.364590146686495,26.99161426019929,1.7305452920609041,85.0560942755516
376,3.080937533830848,4.437076745030324,27.113590777519274,1.6376959896645629,82.09412316038001
377,3.085824666907968,4.617885351136296,25.444933221512066,1.6604659648384994,83.69237098058488
378,3.029812298400372,4.466332294522196,27.724835558942768,1.6800379472521558,82.96199267521172
379,3.129897806215944,4.799734603150439,26.654932508014102,1.6864291816645287,84.92707462296329
380,3.037650174229787,4.492097861698299,26.422988918855392,1.6742724964505604,81.88761510898108
381,2.9982368276505014,5.069308292175817,26.897078566422984,1.6498555960412824,81.81485393072485
382,3.005798520831137,4.878387042262226,26.88670829428381,1.630519095230593,82.01386616967535
383,2.9868921075410197,4.6514761418532125,26.62176896289037,1.6521074999920795,80.44806678633847
384,3.032722907069923,4.845495889213695,26.89846515092229,1.6279843380896826,82.00493182748747
385,3.025004978738193,4.855786068047594,26.523233940309183,1.649447890616319,81.73029915880664
386,3.033393014373318,4.539182326396092,26.53795988361629,1.6579576756158703,82.59859120038702
387,3.0547913435994922,4.491731342997372,26.38198647259363,1.6810096176937408,82.74873959528824
388,3.089225572516673,4.700467837915402,25.859468228522818,1.7160694492560085,84.24196126607357
389,3.1078824938957634,4.837828058176356,26.745414068723857,1.6661409162580827,83.27504166383837
390,3.054200279589472,4.6619433227294715,27.121993503264225,1.619062885591865,81.70656214993943
391,2.954339392480443,4.311479097263198,27.123049829531197,1.6360778365601798,81.34391968506988
392,3.0317609518492583,4.493297963996334,27.140648362385104,1.640308545391461,82.69314263932516
393,2.946180419479973,4.60200342573122,27.07818011275696,1.6570657434006273,80.83989992250474
394,3.0866685995612384,4.663877321077236,26.338585041179535,1.6817411485640574,83.95052209712014
395,3.0780226656955585,5.059657519027836,27.094086513866216,1.6578426526436332,83.25745418349376
396,2.9745196008911448,4.354158604753769,26.16446026391119,1.635049799350866,81.5678096616784
397,2.942809379769376,4.706774699266167,26.5213800542488,1.5787143251083982,80.2828425449496
398,3.0523091620135006,4.9639998558148175,26.18701379354258,1.6467449533789467,83.30886170745798
399,3.03279886261544,5.090279593805355,27.360079805965675,1.659997922879684,81.79948223603978
400,3.077183320042639,4.58133834775864,27.160305095092873,1.6490799468160051,83.11089161977165
401,2.9471435631197003,4.703040317419617,27.21988048414461,1.5838162072219384,80.23772134377886
402,3.009403747064172,4.737789434088373,27.416778119362682,1.634570417699189,81.19186813243216
403,3.0085568513243204,4.674208375425219,26.3847984632212,1.658826112207821,81.75560145572805
404,3.0168398620457895,4.615360427511907,26.99865022113165,1.6495085339730695,81.75647338798841
405,3.055291125877234,4.711566733666646,26.815554506975236,1.6442926094827528,81.21858278833183
406,3.0834887723253246,4.138564264454232,27.19837364445161,1.6298775797267806,82.25067407490849
407,2.940230362998909,4.746801898070222,26.890447883435424,1.5819517867228585,80.51940000288477
408,3.0368347049835704,4.653312733406553,26.667142792424162,1.6581038257132692,81.40385763370797
409,3.04449538010287,4.5880204171136025,27.107877276934218,1.6260617996924125,81.62576982346276
410,2.998781408919829,5.048955848647916,27.240167536075596,1.6345667491749032,81.9791704752002
411,3.0635814297004034,4.507725682937975,26.452264969096174,1.6692763695330664,82.13562433480426
412,3.015708582401182,4.524558112916078,26.94359561067839,1.6162979109170972,80.2586655364542
413,2.919238598886206,4.994480899940156,26.489928485683127,1.6052879949408418,79.80851197496048
414,3.02792166273383,4.485180575443141,25.49300530918797,1.6948928833111339,82.57964182065561
415,3.0494944570090117,4.521849707198479,26.940865996777926,1.6190023991781843,81.59363818928936
416,2.985616893306351,4.580039258006577,27.25723096466358,1.6280011452543715,80.47221713463733
417,3.077600739750931,4.822772005341448,26.857907859965675,1.6557653714134797,82.7312554457769
418,3.016660009841473,4.666664465443343,25.89969932125942,1.6304758095499452,81.255198198634
419,3.056016539340647,4.387040153117009,26.59674917222446,1.6761345910757115,82.27826112737304
420,2.961865730052534,4.516085148943138,25.778231812131576,1.6326755766943688,81.12594307842882
421,3.1053297084866633,4.540102182161893,27.37698520980542,1.6723389903853279,83.07865344021675
422,3.0961993584039544,4.639210741566808,26.183697955883872,1.6761050973576128,82.73274753057083
423,2.978572944079319,4.698928010861835,27.5589054090506,1.6064602245450124,80.68796395679351
424,3.0278131976869447,4.72100196532968,27.28613075108164,1.6205766208053067,81.86804070760434
425,2.9696188554473526,4.274825800824928,26.39956406555893,1.609131967754187,81.50140758173039
426,3.0562447180102392,4.856473103095794,26.215182996448007,1.604357773796104,82.1842452791812
427,2.9701425477670433,4.646719620288848,27.194155852745553,1.63732999368833,79.81029255447618
428,3.0107071980938844,4.905324208764113,26.435748985181807,1.606353631930898,81.42088996226659
429,3.058588110217582,4.723897778658927,26.87595175507514,1.6306330407290774,81.75290566003964
430,2.9091076507290565,4.798172682173345,26.86904575146558,1.572371824628413,78.89540453130958
431,2.9558692127632087,4.681920432552944,26.166363941452587,1.5947595042191012,79.43056851314596
432,2.8751790961939876,4.839931111432307,26.031336189478985,1.5870007044425432,78.53429800958787
433,2.9690557618132094,4.7097270603600085,27.08695745846504,1.6224864029236472,80.26384665782261
434,2.9995593221558714,4.604627734437341,26.598167208205073,1.6125492349545436,81.21053918629612
435,3.0390985867921447,5.093589294970953,26.527943337135053,1.635759916605848,81.95511754407882
436,2.966919833176801,4.787540203397493,27.299268024839318,1.6153843779512806,80.48663894707573
437,3.0300914712612155,4.754768154001621,27.38662478931253,1.635045447277067,82.0009634900369
438,2.9460080183577126,4.323780523835288,26.96852060360432,1.611188318663355,78.95207035714776
439,2.8946765060909265,4.314111143106251,26.970837313550277,1.5815921656317236,78.58863332994792
440,2.9190669745798354,4.662469738375395,27.23043830682182,1.618624197668021,80.19633209735123
441,3.0345332025249476,4.641020826255694,26.261949281639986,1.6251742120753943,80.5958293351023
442,3.006585633754956,4.479954952616846,27.097679199281306,1.6262489427682154,80.13897328092544
443,2.849605673392715,4.589479542217484,27.469527974435717,1.5649034334691463,78.0641501147536
444,2.9807806407336215,4.917773713487782,27.3398734648135,1.5741116889199456,80.00241639395313
445,2.8985509103406266,4.71402111840042,26.156920531296965,1.5829343825254132,78.74703117451803
446,2.993107443156493,4.385421447615161,26.55120661726699,1.600596011689872,80.68115747828544
447,2.9813359588860933,4.58445998322854,26.527059630302624,1.5961894150221336,80.33808743285644
448,2.9156582110630493,4.418839376841671,27.150780112143693,1.591559953387285,78.99163365060916
449,2.9134615878806613,4.510013831771397,27.302603214618443,1.6123194764817823,79.37769075265548
450,2.8946028775303163,4.493125033955047,27.869114368318115,1.5762735986156964,78.79240835404876
451,2.9232282395936524,4.499451422429518,26.777614565064372,1.601157199202298,79.74902694751593
452,2.961942575774627,4.363511975346695,26.67851850213853,1.648583348634078,80.72695248706866
453,2.9115943541421565,4.549393227395625,27.700215190943055,1.5797392272890347,78.74620818496317
454,2.9457838158743543,4.491800967521174,27.128675994811974,1.655956157174244,80.1961247445318
455,2.947974989632318,3.996549952627081,27.721627302456312,1.5937498835401658,79.12198453137674
456,2.9609408512575497,4.986985467925993,27.262408686376617,1.5411758078425442,78.81955315128303
457,2.922825579097173,4.807065918053212,26.474881754593977,1.6043788196319686,79.4655993604939
458,2.9115937430553918,4.4946920755768005,26.483674719802096,1.5775753882594556,78.49761102809
459,2.9357501129712538,4.582552761116857,26.330299119626844,1.604584006250393,78.93944755843691
460,2.909612915364127,4.330778777691378,27.50547768160478,1.5785732741802903,78.25548235774455
461,3.0132782974636476,4.966711948224965,27.456461548229548,1.6247982529831162,81.37836863313959
462,2.960421248304144,4.967641942064542,27.98376005514359,1.5636982383841327,79.409210155496
463,2.9239455981462537,4.604029626495701,27.558098261929636,1.5685104157006762,78.63454404231983
464,2.9046880402620774,4.794877973665121,27.630560064627232,1.573161435743866,79.5085922414026
465,2.954352616676197,4.617910293486525,26.79572714517446,1.5712424687036453,79.14264688498699
466,2.9494110719752347,4.312542667282778,26.522353316338254,1.5916593231463758,78.99438775289818
467,2.929328689015165,4.5134338516886325,27.446047038801957,1.6291966155683915,79.78992627406816
468,2.957204639148839,4.624259379346506,27.21947144615913,1.6057672165885735,79.8936892996057
469,2.927446392720843,4.480412901081857,27.197109963017713,1.5474047835898428,78.56612224152732
470,2.897527454135088,4.52589467895757,27.345559068093607,1.5785173878089804,78.48126672222888
471,2.945662381770964,4.556570380572762,27.287341280856175,1.5987829218074987,78.74251460372929
472,2.9079335852947343,4.517347224997801,27.97429380707231,1.5213272664845061,76.67614622854468
473,2.841086114236889,4.558919641459463,27.905153075608645,1.5457876000265083,77.42339716799833
474,2.92841077546599,4.39319904810479,27.245509869249624,1.6056138252786938,80.2660030692055
475,2.987786859897678,4.466689906406592,27.37243575512057,1.5943951699705343,80.50465681160895
476,2.928782498737149,4.31450780825642,27.39990796923032,1.5843902700732906,78.57123306982066
477,2.9292987629691427,4.782711625712637,26.833672555105704,1.584729552803242,79.35742578876987
478,2.9685491403966866,4.159925379468181,27.47300849827534,1.5894454167143868,79.05273839181231
479,2.9857391272863967,4.8663382315164085,26.12465165130525,1.6178703192969819,81.78100814265119
480,2.972734916360276,4.872917099814368,27.548709674338948,1.5868980543553304,79.78236101808993
481,2.8861594126504766,4.509474821670094,26.55318383478389,1.5843585662231734,78.4955469533309
482,2.9238403585208816,4.031945026399223,27.380039423573955,1.545115780922847,77.62862219823413
483,2.906497520764758,4.46650656877936,26.883579614922827,1.5733079581974867,76.93843405864092
484,2.8892363138353563,4.561344795563239,27.405786352432195,1.5661889041087114,78.70908139105018
485,2.8587841743884965,4.352080836265976,27.21203498577725,1.5586941747667966,77.71002401258794
486,2.874968850309039,4.437054274589512,26.502132254162536,1.5587497699886215,77.00489766755798
487,2.864816945108751,4.860866534152366,27.436212343610762,1.5264601797210344,77.74137471898476
488,2.8575246341008915,4.678329740913785,26.98431806931646,1.5101281322138216,77.26721542267185
489,2.960641050065807,4.415021986556561,27.44089931324578,1.569421683140779,79.99674047160904
490,2.8710372678161122,4.263522037703639,27.085453486253574,1.608293553691269,79.15209358113627
491,2.893849029928146,4.499063651240735,27.375374918880578,1.5534299518448393,78.22335573813442
492,2.927178332141272,4.550751976758668,26.55399885934862,1.64460731834212,79.67216663143775
493,2.8797349803978856,4.663849926699625,26.88228343815151,1.5533251372538137,78.23050446134808
494,2.901662010721012,4.4379923605226566,27.04540216676852,1.5487467291001284,77.25278515180939
495,2.907436201031025,4.6942628382396165,27.468536624285054,1.622805122218602,79.59814615836223
496,2.931667617347498,4.958528895441807,27.981198106753936,1.611619945192944,78.57490437148807
497,2.839141489469958,4.702295003072589,26.90144013120988,1.5804248701164645,76.95973992918682
498,2.869010565379423,4.545735471741573,27.761658206290196,1.5795204978195914,77.76765866038643
499,2.8743173205745975,4.504238102380177,26.21082030818297,1.561349447107065,77.04340982954179
500,2.8406008461555845,4.458610944687549,26.75317744183624,1.5417961105075468,76.49727857617616
501,2.93150943522611,4.81147469346855,26.643878217016006,1.5909137325014535,78.76732554890604
502,2.9783767302815223,4.468770386737057,26.352580275643053,1.5832093616007465,79.71165379636585
503,2.815557541429332,4.5363401055431485,26.57172798639045,1.5109315860747061,76.36477818715761
504,2.8782682905774193,4.575988441247921,27.377755151710378,1.5656813717234845,78.28744304358518
505,2.817739696651218,4.440342735733884,27.189468279655117,1.5372958818456917,77.03497871480951
506,2.8301452076491675,4.2687001463953615,27.473736418941648,1.5341286949856363,77.15966279860909
507,2.93804931378543,4.60490651208903,27.643678286233275,1.5542393603146305,77.01558056827481
508,2.875432396515912,4.521902994328279,27.462289553089487,1.553209892870766,76.70518943496779
509,2.8298880656835665,4.6516266326277504,27.570988894373006,1.5533466764662731,77.5789269370218
510,2.796772149446485,4.426493932306108,27.29916388890916,1.5627645952150466,76.66069967969706
511,2.8902206896793357,4.7986316693992475,26.63416625766394,1.5316336273539681,77.7233704818319
512,2.8788844184030404,4.371924419153145,27.792511213432828,1.5434059862099199,77.3639587697757
513,2.8705189171955117,4.8851390849851954,26.991788792701357,1.5283945817695603,77.13655140908082
514,2.8202338616300113,4.179057852324414,26.889276079168457,1.491254421948605,76.42925771450331
515,2.8349278503287723,4.621381838926978,27.238901932019804,1.5327742122987458,76.72139130077998
516,2.8963882198759676,4.655384425235696,26.74210309669989,1.5578633385627056,78.01491443651857
517,2.8782841410128857,4.3953249922626805,27.019102779750998,1.5847054007156998,77.72182029254286
518,2.7529966300217303,4.6089737287636385,27.551552254824554,1.5367111748825313,76.20474705957179
519,2.8510989759613583,4.80076479604858,27.44986555914032,1.524377325609964,77.24305310482741
520,2.855149998010142,4.113767146203755,26.765430396414345,1.5942127654012521,77.85654570372841
521,2.7949531257571545,4.608493168627838,27.21642627787725,1.5323648810401822,75.39721035648375
522,2.9597014997719526,4.052774879011742,27.780021286996337,1.5630709971471293,77.57145215388785
523,2.8351221099532946,4.333406314965123,27.615503680518145,1.5220095936927684,76.32696378348825
524,2.858897047870806,4.876267293767204,28.285362415739197,1.5312452360525453,77.52170103935075
525,2.845181004430956,4.40663113892788,27.97512635883931,1.5155434100848697,76.14937728031454
526,2.7920450189429826,4.266610159727236,28.06521577123482,1.523161125003114,75.06930763045152
527,2.7953069675370235,4.464576850323857,26.78524374416813,1.5418561222394858,75.20821980603968
528,2.8614867575527536,4.95049004587935,27.697386284583516,1.5677736488120835,76.84543891233199
529,2.911387740318601,4.174037298328369,27.271577860303665,1.5305967593338499,77.01868738847877
530,2.771275646722025,4.306063585121755,27.14288126098276,1.4939332187838428,75.81627837248115
531,2.875079921955938,4.8459030715827325,27.351923995532225,1.5492344598850318,77.32083674734038
532,2.746557095550373,4.8711883224642065,27.974366498522446,1.464279066445402,74.98239268783296
533,2.848627640627235,4.510104166621384,27.596463738104898,1.5372537657631373,76.53952057397208
534,2.7606221696860898,4.2593152784301695,27.025134004651477,1.5041737672095252,75.35629094677493
535,2.794935282907623,4.93671263945144,27.78350976134827,1.5082232090522434,75.87719695448041
536,2.8230598434921674,4.8496520139818955,27.02738855080174,1.4988694742867203,76.53817678160281
537,2.8261832714612862,4.647631975866471,27.549128667912022,1.5221145804454184,75.59212891570121
538,2.8406551240801043,4.358114930624318,27.245347964202427,1.509941383618563,76.02977002059006
539,2.8257780468802904,4.53784254706141,27.152324797987102,1.5242500785148114,77.38242076145086
540,2.8048071532039955,4.483149135074277,27.80701573110404,1.4577759070176102,75.76105756416216
541,2.8327254424899486,4.608879903156858,26.766354928923338,1.5421593441327297,77.13548211168712
542,2.7421267357561496,4.792839143343246,28.459403258553575,1.5380838876503733,75.13194278584892
543,2.833362791901879,4.710950058721864,26.414123712880833,1.5682918347853412,76.75333252471918
544,2.862944321343067,4.337064679195882,26.938466685408407,1.5433979694611077,77.62699472964167
545,2.798802336033915,4.748813258351772,27.817536103231546,1.461469727140629,73.67569841739324
546,2.79954698453547,4.56887409815109,27.76091873247536,1.5156231552699595,75.31238350742295
547,2.7946587881997504,4.6703792744271215,27.28493156343745,1.5129984064715734,76.64830576276695
548,2.788772779056545,4.809911414656625,27.388288434494704,1.5226390807972938,75.83016214004522
549,2.856196311898634,4.305010876062561,27.56864041283745,1.5426485315329654,76.36634629826358
550,2.850722687209996,4.499899426974328,27.349142547693056,1.5316032071933068,75.35322713578103
551,2.76463632151734,4.413825749665713,28.096007329279672,1.518113578407957,76.0058329968778
552,2.745450054552915,4.20094043174155,27.847112973042595,1.5104388418111019,75.72561584073206
553,2.9055412823297475,4.609564875017521,27.73529777802013,1.522663227761406,77.01114397482687
554,2.825903635832153,5.023508721403926,26.910934582879587,1.5046598040062438,76.05987055435205
555,2.789842105571497,4.154087633546302,27.349789875559885,1.5175736046094224,76.10515912237264
556,2.802797664440183,4.499899981496328,27.31798650710854,1.5137034138425451,75.31780518531109
557,2.7034837282134636,4.632192998033317,26.976777257063457,1.5223561035430273,75.20422055091811
558,2.783294254144264,4.529044283004938,27.657938878604373,1.4883650636600954,75.22143213368511
559,2.8222277573694123,4.497586887974754,27.13011462872058,1.550066269857093,76.01062492389514
560,2.8085515217819697,4.243304520605881,27.81196294844989,1.4977253212741943,75.15738966475229
561,2.775306784092612,4.563164733810405,26.881867292440976,1.516180039335403,75.83036926111859
562,2.8729652856687515,4.400211891530139,28.10169687175429,1.5366204533503682,77.57823434666624
563,2.796677263243728,4.088739984423487,26.918212043607983,1.4782395202137386,76.33621627095988
564,2.786411274752449,4.740945342525568,27.599516676486115,1.5197078063500424,75.10134492114106
565,2.8070021006986625,4.72349472633033,27.736841843384433,1.5465544403037692,76.59087811809603
566,2.76068140110435,4.509210263629219,27.220289443604926,1.4932515171166392,74.94390341295018
567,2.6813444822729515,4.511338691217713,28.098615553833614,1.4668635679210693,73.27618767882859
568,2.767471479163692,4.700235165737157,26.95855038512957,1.4956903475481262,74.26857815970222
569,2.740378547638518,4.5122328038630855,28.389234487053933,1.4361139553697382,73.36824362537345
570,2.762408124973465,4.677801749910202,27.522083437693183,1.486417185411013,74.84991194789696
571,2.7828904822386717,4.4441486097657,27.183569046313206,1.519530343532907,75.18225249702353
572,2.7982421171186576,4.798450725854067,27.170139223089897,1.5109681896758926,76.80269890696388
573,2.781388203954104,4.5724698497239995,27.86289611200904,1.5141838631807962,75.41563522687318
574,2.7672805386199713,4.535451835819134,27.224565118584987,1.4695098110054905,74.83207235489793
575,2.884817096287321,4.2628490274232265,27.04101492946044,1.526189844814304,75.84306225828168
576,2.6589468740779356,4.512691649158267,27.61272930971851,1.4545876486519749,72.76502391489623
577,2.8253742348583506,4.337094917958287,26.894089436329132,1.4711832651390666,75.17429507285884
578,2.8297729353676684,4.385785169377379,28.34306338055552,1.5367365017722212,75.6720857341539
579,2.7236712348111483,4.304628735242962,27.378283399861708,1.453012029370225,73.3851930453093
580,2.8636527141652017,4.306155229641424,27.818797312983857,1.5031971672809814,75.97011080106346
581,2.790878789710399,4.927503267377551,27.591990107953094,1.5065603707187771,75.12744933870792
582,2.762117131722645,4.752993410155847,27.074104985968184,1.5096983447467405,74.3362798879083
583,2.786244759786397,4.891013164956918,27.462324322753304,1.4866232281484983,75.34698322640332
584,2.883766285312743,4.2943719251916885,27.697246744141363,1.5401845260997615,76.9475464551401
585,2.8012855350842534,4.510678565155112,27.42373025659218,1.5050041451795448,74.82139075864667
586,2.7506957636479457,4.238307168079631,28.111513007323264,1.5108708052657127,74.85043465602249
587,2.7023283554762187,4.342972252297983,28.100201557703954,1.4856400588429401,74.10556138686978
588,2.719989357548101,4.289930698813967,28.09167694984276,1.466215538715615,73.67780477486407
589,2.7628658697441417,4.754331410302404,27.23809856879304,1.489862804601118,75.32073045070462
590,2.721186034826776,4.392695562793289,27.10037128404105,1.473664376074569,73.59707492068208
591,2.79316092929317,4.703426020929423,27.244455426365505,1.4683073739509072,74.48750770953096
592,2.7206211084917515,4.598845885022761,27.708011934808074,1.4195946974351648,73.90108535525285
593,2.767075372990456,4.957138601464094,27.790839101550496,1.50514204712629,74.82054255215684
594,2.7633490256790467,4.196872422201674,26.450407963471683,1.5108399636513425,74.63806334148093
595,2.811730462320596,4.757942613284083,27.465463572560513,1.458837316615886,75.30479826633614
596,2.660237670289601,4.703690525598599,27.707032855069322,1.454207737424255,73.72011757592269
597,2.7169556613965757,4.283787297388936,27.46891254687051,1.4908461502144468,73.92315324971715
598,2.713894068193978,4.664970211849006,28.327919196736065,1.504693453948609,73.17717722771874
599,2.7619617909861462,4.540720572223268,27.843432139035325,1.4739074537715298,73.67457898090109
600,2.74023046133983,4.4436871992336515,28.20918369791878,1.4746223923997503,74.45912256121665
601,2.7113692430200462,4.331248483254953,27.411841836578123,1.4923776518272558,74.80177903246764
602,2.7227589855472303,4.3178903487200255,28.160177551204146,1.4892097673928264,73.08561195049313
603,2.7500335048913067,4.906770190268578,28.3334943417068,1.4838884875289013,74.8403885555696
604,2.7500194410943406,4.505925450746659,28.126902289860514,1.489805046822158,75.28944434775815
605,2.730750136285974,4.642631674888654,27.02290083037382,1.4765508041387219,74.31028372911813
606,2.796722340905759,4.356554232658616,27.299491416268175,1.4956675368269525,75.73670544960633
607,2.6846780494846767,4.305013405037198,27.522497675867474,1.463437400601422,73.0491997140763
608,2.617866000131693,4.667225600684943,27.990484073363394,1.4833222080043453,72.5414319417477
609,2.689819841165191,4.169494409180817,28.146128520051654,1.4458712369534432,71.97048257455613
610,2.8209563760124845,4.421124881431985,27.059715487921935,1.4991205649705135,75.20838175065197
611,2.7697503368944316,4.493402605000525,27.600933643028075,1.4807608974077682,74.32985613930396
612,2.6884432890511394,4.493936065862002,26.631728606451976,1.440397729320058,73.58307727469956
613,2.72758261041904,4.441817751881885,28.332790458475362,1.4952986044280596,73.88182044425582
614,2.680068489149914,4.527955377087724,27.49985577531896,1.4472346769282831,72.43957104342695
615,2.8290032648595425,4.658051925851501,27.43052809648256,1.5158711764161255,75.9740387343969
616,2.74401807502818,4.619342568749508,27.48309984471776,1.5362772110145393,73.6207529828821
617,2.699849816573956,4.274123038556873,28.216594786054515,1.477258858457752,73.56419001452191
618,2.745782080873833,4.426045852944741,26.166862416648808,1.467841051528597,74.14384362652503
619,2.7466267078873616,4.716200299807228,27.605456191677842,1.4687205755077295,73.86238637159201
620,2.765712116592601,4.650301030448936,27.590232656580344,1.4943405071180962,73.56857964670806
621,2.7042848416668086,4.175779269418418,27.521426007631003,1.452616567925386,72.51755798573153
622,2.7521573705518274,4.545153098951825,28.488827678410892,1.4460915593150372,73.74285594406923
623,2.781835864077324,4.106690661065278,27.044656715870914,1.5207202896317435,75.11678554701197
624,2.8004259705085963,4.500258437791799,27.93154080171921,1.477508575668945,74.54357286898625
625,2.778218616167017,4.874648393775267,27.702651442222688,1.5325609459504221,74.75474952130357
626,2.660877059171703,4.262696968155343,28.369382068222055,1.4738764729234333,72.61377558045702
627,2.709757923067524,4.2751120525037205,27.456522149601064,1.433030223688862,72.09883308010184
628,2.7192033863223566,4.611328274231429,27.340903960853833,1.4841426451515594,72.92611589584286
629,2.690339782917351,4.152861915093857,28.240923863059766,1.4627793283463348,73.07111090678934
630,2.7263191319569584,4.3549105729305255,27.805352759627393,1.4985170524099771,74.07307894537664
631,2.645145137903994,4.544287077002713,27.102537079229805,1.434693505832252,71.24994247431813
632,2.7680088712982784,4.361852737186579,27.286797959146064,1.4717827736246423,74.43549533622298
633,2.6962440184927163,4.407035867705794,27.922042001184085,1.4413588685016399,72.71149325739945
634,2.6883684545803286,4.596961030915462,28.17826266651102,1.4687231052040783,72.40619444262275
635,2.7070275782176187,4.520000490750732,27.481928303186425,1.4289957674012892,71.784563702171
636,2.663046914842017,4.475472122650956,26.43232978813215,1.4140354741270356,71.10542216959378
637,2.726960967780188,4.403117111736391,27.906903754916524,1.4518391160034114,73.54707837951993
638,2.720391614642447,4.529229681010236,27.11375236524579,1.4636894392683137,72.76087289782222
639,2.6093908783949082,4.402478650737202,26.855204667153025,1.4684756851420167,71.36125933785769
640,2.6507713341047068,4.517957620691266,26.451854543977383,1.405045840421024,71.31982493530548
641,2.7272635538602916,4.345470007607917,28.182708366941306,1.4453408017649676,72.24282063157563
642,2.7392784482374593,4.447713137610162,27.643174062772133,1.512471343594379,74.21134662430352
643,2.6476904332425075,4.246937874517208,27.662524644505822,1.4433366052026964,72.24647165138053
644,2.6062043482974793,4.412331999596196,28.597844573494164,1.4283809575224382,70.96667607987219
645,2.6382614631941372,4.281556829606344,28.099877329850973,1.4225091317691752,72.18785011660563
646,2.645069631836792,4.219683947308479,28.595683834656572,1.4510593792850301,72.12466186704386
647,2.566464195566275,4.445018412557011,27.337201348986838,1.389543297685842,69.66430914929664
648,2.631849976168899,4.487962542600861,27.755651750876375,1.465129187342926,72.27072937146643
649,2.6666121907052753,4.597733471685275,26.98584968904819,1.4649064457268557,72.05793623477803
650,2.7261791591873634,4.3727537206653935,27.5904146611702,1.510770107420785,72.94894172902065
651,2.713193557093213,4.562922051798497,27.46913466096093,1.4929041458954178,74.0655741215573
652,2.757940617299869,4.5763011899091195,27.9825984413596,1.4726576017860302,73.30708377271935
653,2.6747190687851665,4.5264657378524475,27.835227059140305,1.4413986623176755,71.87554881430644
654,2.657985808143726,4.254906231317952,28.211518729748054,1.4129736420221668,71.00184839391903
655,2.7421554538241817,4.522786475070316,27.887151173489052,1.4996834554853127,74.64568893080394
656,2.693170011780149,4.514738467301825,28.86791229823711,1.4360023798881116,72.09552040454462
657,2.6317682012244554,4.441720135671488,27.64092946090744,1.443653661815292,72.01422211449498
658,2.688493958766204,4.021508000077734,27.335470990907055,1.46515548246411,71.94017658759753
659,2.673832471504843,4.474626190368229,27.910400479790535,1.4223974142679408,72.12641327867668
660,2.671274015056485,4.877466466504822,27.42405869330336,1.4577578298479545,71.74801293126868
661,2.6021948048147796,4.353647628942401,28.612702970749282,1.4519977840405949,71.28277413468987
662,2.6102732493559175,4.279857739685268,27.731025184245716,1.4231117887165112,71.27365796281664
663,2.672735753551531,4.509706958971431,27.54202558091725,1.3926001490489792,71.75186235145755
664,2.6061459379027645,4.486581792379526,27.643811387993388,1.4119497105443224,71.20530751431056
665,2.6408969696006652,4.658547455157711,28.259206601363683,1.44594031300565,71.0000211037214
666,2.614973502606879,4.184095361683458,27.74278154405808,1.4352116316192582,71.7834496432618
667,2.666735094303297,4.57400030344651,27.54054532527725,1.4077382082856136,71.38621264657559
668,2.6680710353751755,4.5802718364763635,28.52173883768141,1.4520919258015066,73.10937121130354
669,2.566557741083081,4.349942986099834,27.680053612229408,1.3951846940180344,68.91861467439716
670,2.705905601034983,4.520243773327907,27.75525148829865,1.4634409811075966,72.62531548717845
671,2.670629872402976,4.660774213593111,28.05173948943792,1.4501040752900454,72.74413586367197
672,2.5848508499328524,4.562241482989641,27.245440409871705,1.3804419187476578,69.38892034919758
673,2.6379175961507944,4.19307415285595,28.13174017434948,1.4138428522898197,71.0839007635348
674,2.6115541399124376,4.584420499836621,27.370501849832156,1.401940658795554,71.01944312427621
675,2.557807733187213,4.386015994512145,28.41662281282376,1.4312612293080371,69.94768577593241
676,2.551164577032605,4.4254090616478505,27.464503283816775,1.4043878326605204,70.54171210223735
677,2.6069016788756403,4.418105440068798,28.329054306582137,1.427809212284969,70.17330209342295
678,2.654074984895822,4.429961709287204,28.252864997913075,1.490436628085305,73.0005153523428
679,2.6723477250971084,4.681307661104586,28.21588745440054,1.4629323796461318,72.14830808415863
680,2.6726942862539715,4.4322281554552605,27.88079958699354,1.4403393411707412,72.44858737125512
681,2.6793098978962058,4.213353268719615,27.698037056553908,1.4453370962029808,71.86312471981243
682,2.5800816798439823,4.320830809794528,27.714106306890205,1.3990528688606563,69.97683904942373
683,2.600312146750711,4.446655473276216,28.680934695837948,1.3928424926995182,70.54582649570604
684,2.668351337318038,4.676326857502323,27.497832886701616,1.4369710862773448,71.52419503214564
685,2.5918075536700615,4.516162619583031,27.503748550248684,1.3719628867700677,69.77718412966318
686,2.6615270034046343,4.263429335974457,28.16500250889709,1.4572899794930965,71.67681958619326
687,2.6295348681967687,4.910798437661461,27.53312932677834,1.4044681083797146,70.68802271628412
688,2.5631015002076416,4.463316502143626,27.47316105152679,1.4143846330654863,70.51807199740148
689,2.670735022314427,4.686446451337542,27.121356350226424,1.4370340611686618,71.56841518688695
690,2.6552271141762516,4.394983086449875,27.631915214443136,1.4201478736912392,71.26629865826604
691,2.575249185681672,4.515185189232423,27.916075786595087,1.420247216320839,70.42566701456667
692,2.653368990808308,4.60610527118397,27.930488012428906,1.428713497147838,71.91057851401442
693,2.575309069612879,4.6363353143733965,28.51217126203702,1.4101223179716895,69.63481860112724
694,2.6339344284785584,4.637403029730029,28.133802118560975,1.3990097750494492,71.29646843271921
695,2.645832997081271,4.59920545303309,27.78073362513094,1.4272936446094227,71.23830265092472
696,2.6440536271935398,4.342989477403667,27.870868043597696,1.4447854036236545,70.30034118212444
697,2.6557798092416776,4.303665282101486,28.165006281994096,1.3980078640005873,70.90072452463494
698,2.5242968038696327,4.452285491077042,28.707465136403272,1.3722090896017054,69.28819945061012
699,2.661501030317624,4.615187198580885,27.920349179178242,1.4388397411058498,71.42807920563358
700,2.640372552496912,4.361133996553246,27.73704388935196,1.409269772347359,70.28390683542835
701,2.59830608871866,4.611251600222868,27.51248096405727,1.4052298090654627,69.91086035399957
702,2.6762826433773412,4.719471041325216,27.13265890665399,1.4387314348309328,71.44738461139897
703,2.6377452416803324,4.209912642298456,28.367250705456062,1.4058712554843757,69.65884130565702
704,2.5807346697302194,4.211006877266155,28.397034171692724,1.4005850148645353,68.91955090127054
705,2.550719686748525,4.346649544369892,28.415058981798538,1.3829209292895288,68.73622780754792
706,2.6533106379181253,4.478797119419235,27.849297347916995,1.4124494326890251,70.8637292890698
707,2.5552069215263917,4.273929995372798,28.809250382314836,1.3922948721502626,68.9421699063104
708,2.6625818552469283,4.709286354123904,27.563711660955214,1.4768434570483797,71.94229091752376
709,2.5080654199253174,4.44622301932895,28.670586383477307,1.3587569720976076,68.07048235126295
710,2.704013026263413,4.444165423431094,27.7992484835905,1.4167854276895329,71.81380068914729
711,2.5762996795486948,4.118684332808432,27.666493429749643,1.428007850967877,70.29331187910688
712,2.6341413414715733,4.135847814947596,28.301210262493395,1.396603354954025,69.95054891165485
713,2.585287061937878,4.445548411259424,28.25808525332668,1.3458931702827823,69.46732806015315
714,2.5619470926050294,3.981008592525296,28.140847790852145,1.4244761512992719,70.37638588781317
715,2.597500980888121,4.600620185765775,28.050175691843293,1.3873861401178829,69.90463519184806
716,2.564391751929208,4.388581418778918,27.879992520874676,1.4184015220072985,71.01060938266909
717,2.6082690791082266,5.048350398569377,29.19552697318307,1.4063714112618102,69.9865902325215
718,2.616103209664581,4.861337988055606,28.593354632936162,1.4035647315279658,69.98773689661923
719,2.5514690998736596,4.352488444822508,28.417522154132698,1.402967295014792,69.43891293360056
720,2.583001849263803,4.372946339161378,28.08483088076349,1.3855040122562439,69.71068698338205
721,2.650125416342627,4.599927488384254,28.499522672379094,1.4110733015473695,70.0405592791924
722,2.5003736626712763,4.70038915106422,28.460224242792663,1.3545636955289346,67.98773145403065
723,2.4958831172497242,4.038691672221674,28.181614957842633,1.3810736933266268,68.31487418544383
724,2.6481954345672714,4.050154924493059,27.81106774954706,1.4197373672442575,70.37150087819983
725,2.6401565975376333,4.270878975008966,27.98311165056944,1.3765771620789509,69.76429680599215
726,2.5669732906570384,4.50404071690591,26.47732113070529,1.4092128425946373,69.37466001355683
727,2.603409237285463,4.490220851195148,28.15106975418068,1.3801268641913471,69.54230665468141
728,2.624202221113078,4.610688314589825,27.772091841979545,1.4128951795586777,69.83670117965274
729,2.527566558024517,4.138352972705678,28.904872607247746,1.3856382246467664,68.91462391893698
730,2.5251711583476,3.9095984346541357,28.14553599916632,1.409590880783814,68.64136036239557
731,2.6114161752901004,4.563219022787703,27.447437371596145,1.3871468640798377,69.58080918636374
732,2.5803110000655956,4.201798892274164,28.137869188599886,1.3604518109448471,68.37190734336055
733,2.5966694827521195,3.9907797552016717,27.50455281707175,1.3940889359616448,69.72386640396996
734,2.4740056627023876,4.380580367195903,28.4788656178361,1.3455040223473411,67.57838090020132
735,2.6598049011240126,4.564144904007535,28.117924850350747,1.4215086044026406,70.27548831818999
736,2.5623905521632255,4.369274886601466,28.510488250425524,1.3613601008569896,69.68431565128607
737,2.5589724422475006,4.297093336646013,27.661244034740164,1.3675893654995832,69.43315069412552
738,2.6049037201068144,4.370632194150346,28.004480845216438,1.3811485821479434,70.12523202897637
739,2.665242568454328,4.341352504726808,27.24014381625186,1.4344752090464363,70.77345286034824
740,2.6188679950604494,4.132146640187038,28.341967078087,1.4359683300267103,70.08780312875359
741,2.49877310270951,4.2010244795741585,28.539632515358836,1.3418716306014953,67.19803074861224
742,2.5197168919018416,4.458752324785626,28.475420791599465,1.3511199093190636,67.7248171891432
743,2.5300734742523385,4.431237348379644,28.166301315156755,1.3683026833666065,68.34508200521715
744,2.568320251632979,4.412842267246025,28.311234915131088,1.4024678721048252,68.96151530263307
745,2.4926022921906883,4.189342787154468,28.860307136528576,1.3698254208413327,69.41862417625721
746,2.512310616663864,4.326514956997708,28.043374924354783,1.3675829690795376,68.1407794712421
747,2.560937677629623,3.9449642985936557,28.167436052443907,1.3998812604778754,69.01886539411134
748,2.483034982761566,4.396541497787971,27.652706025354835,1.3708680484096893,68.04230825054462
749,2.533205675440281,4.64880720421457,27.750691205941553,1.3668272949838314,68.15178313259283
750,2.48478973431363,4.051618909236559,28.316679968321754,1.366466257496323,67.322266782249
751,2.560203805022515,4.238241240511071,28.774832897477847,1.301362129314637,67.77133875873108
752,2.5376068936051555,4.411992329714301,28.141004718012834,1.3597284803628937,67.30854869861378
753,2.489077258007339,4.6035692971994875,28.117037883773982,1.3399192566514428,67.65003851569956
754,2.572349088542764,4.303260060464167,27.83203245912683,1.356292325787068,69.64524918620985
755,2.499274660006851,4.213708359538768,27.9718295376181,1.3623824773824473,67.60792126959738
756,2.6192012045779154,4.0293240141452715,28.031942514711968,1.4505818135317476,71.15543213142442
757,2.5581890047572178,4.40032992598939,27.35315967677183,1.3768933298352157,68.98211500638848
758,2.5169092413753122,4.781203155835203,28.776530049301094,1.3918454387505128,68.6393973903227
759,2.4658749761165515,4.406711387617085,27.911090374814517,1.3834852603839227,67.5619847612075
760,2.5748800163408574,4.377273220176149,28.452306662654614,1.4080273050845724,69.08645080064457
761,2.5266096746677245,4.419942833581002,27.587368844165034,1.3883256620150333,67.77631857138027
762,2.5081430819457076,4.366577574742986,28.490440187609575,1.3836385253541446,68.43979877663533
763,2.6480784192537747,4.25427158842954,28.251599989499418,1.4183831356595975,70.84372314407828
764,2.5027301486951714,4.527724891551828,28.376756493921516,1.3310295921783437,68.15344542081435
765,2.5740874668265823,4.432445553100969,27.566319496707017,1.3823719987160188,69.3646624239309
766,2.521300520006881,4.353084920456195,28.376962744451724,1.3326973381631395,67.47811350347317
767,2.5191437376909036,4.167171180831926,27.597249976194927,1.4056632406375318,68.11221931437878
768,2.5993481314470728,4.658380453458756,27.885224037092886,1.3941611508231577,69.88394335359023
769,2.4802358319400555,4.481983101097261,28.769493790324468,1.3515066481663287,67.45212760153196
770,2.578833953100018,4.286566076095654,28.412599745689803,1.4081799510899233,69.85751217845569
771,2.5364198736214125,4.574741001302778,28.135711318438265,1.3752480794938395,68.71880152831953
772,2.471942323912893,4.248777548165716,27.771138132824795,1.3821927366513718,67.41458579213784
773,2.5319895453377357,4.215108907028176,28.46524582843518,1.3590566182956945,68.57548027651917
774,2.5021630168988325,4.225692655349751,28.121524224619975,1.3815254279505529,68.8816639422904
775,2.519653402918007,4.015725757129554,26.990144862148924,1.3550900560332118,68.49697338735864
776,2.4434810906401476,4.41972866821404,28.764213952506264,1.2990197419059846,66.27100960651994
777,2.4742814528751857,3.9753747245755986,28.27986508184881,1.329368318425163,67.08018501216344
778,2.4912136861601644,4.10482940106376,28.848634787406976,1.3497774313759439,67.52590836584561
779,2.5017563411795263,3.9381847047655527,27.685853207672302,1.3447162620909143,67.66511532906297
780,2.542458548795166,4.349313252389164,26.579012138665284,1.3526787713498658,68.32635954736715
781,2.536668642770515,4.326926789322133,28.354587522290053,1.3288645321030712,67.8495440688254
782,2.4337058792676483,4.260714182267104,28.515514713819105,1.3243913134518024,66.30267124521882
783,2.479326881655935,4.151172519075403,27.356223896149185,1.3295936505288983,67.98440290047591
784,2.4914355618625246,4.1291731921396,27.692650512932055,1.3788210621007204,68.18099714134642
785,2.5049516404421635,4.454802474373104,29.567966363541004,1.3635772967224797,68.09642508318949
786,2.5270376133797186,4.261562723341661,27.988829144506305,1.3425220796940602,68.58365548416793
787,2.504113112766813,4.429332742551952,28.535174096964496,1.3598768967037251,68.30305391223612
788,2.4732161710935987,4.180841976840613,27.885211515988523,1.3428485859536452,67.89458570327285
789,2.4775830087741793,4.38284316131011,27.221695486793948,1.3530141029642782,67.33153063779473
790,2.4366033892841377,4.5747964672906285,28.34416657746497,1.3409498687478782,65.70704299137077
791,2.525116906756268,4.472512091311638,28.09080306369154,1.3177754818401666,67.76394656165408
792,2.481086527800115,4.267684381974739,28.04922515257564,1.3524676672009832,67.50835728090175
793,2.4865385061064975,4.402211924217563,28.18881893151491,1.347569474235046,67.53860650731893
794,2.4125952482700614,4.271000044842866,28.536468737078273,1.3325598812779178,65.95665398744542
795,2.4454501206897308,4.323950791425958,28.313067751938032,1.3266386870517666,66.11873772435064
796,2.4986632988970294,4.299264901960977,27.54606135407293,1.3493477257559012,68.21935561953389
797,2.4996375318947215,4.308994416929671,28.533785105247226,1.3354803793934167,67.09307290533745
798,2.4543051260525135,4.39803008726918,27.247257039067065,1.3396908995182746,67.78057083271722
799,2.471683462234983,4.143205207331478,27.265436535118557,1.3633970900198404,67.09384736239342
800,2.490318367668961,4.138059449463198,28.663414173044814,1.3416614478346325,67.06176074305968
801,2.519175924528844,4.081027104930605,28.459832057583437,1.3967594294119081,67.9367807848424
802,2.5394025808157297,4.008925006610779,28.326406179905373,1.3277660112352292,66.44896137557608
803,2.490517152372832,4.0970965164941715,27.599510472931126,1.3263849196000583,67.02765274691338
804,2.428002935466936,4.360608486967418,28.00246460163,1.298441697754336,66.43579928032963
805,2.455051166199122,4.150045250205295,28.225612859638385,1.2925399597785534,66.43013766518362
806,2.40802800892484,4.4331636490239665,27.549849234824205,1.298758037317638,66.52203780888739
807,2.4773196562278055,4.347341478781166,27.92849202583512,1.3457412620508828,67.01993645153266
808,2.427577867983466,3.932012427416977,28.6975988185654,1.3358877705691872,66.28566350522942
809,2.542973100717663,4.490731004655613,28.914973243088237,1.328112073770632,67.98679439056373
810,2.418227521756368,4.4782212047909,28.20997524530793,1.333962241954081,65.80307378362794
811,2.4561633731938084,4.130776843772308,28.730497283461656,1.3198881577056099,66.47746893696393
812,2.430010835073803,4.407864022263288,27.42384139628482,1.3267615739240002,66.19128568421446
813,2.569818976056129,4.189594101437365,28.525256875960785,1.3931381614843132,68.04468744596024
814,2.46051874786302,4.354753551482941,27.92192841196989,1.3531562624505846,66.7609738066637
815,2.554807329437421,4.098360112194436,28.397373840426837,1.345889180627313,67.56298967927148
816,2.429880670704067,3.941625259677149,28.374891039959824,1.2824227056757587,65.01232750920322
817,2.4835348098757684,4.258070512377789,28.987037253390007,1.291597642273796,66.7316975150191
818,2.5019409934497947,4.3216752913019345,27.83067677304553,1.3320380141720538,67.32105402784511
819,2.471592412006215,4.250074057525581,28.66575316753841,1.3253873914719476,66.48049981242508
820,2.437098522001431,4.111803996129433,28.117195729482006,1.328866517230922,67.43050538869728
821,2.426772304950484,4.236311434479181,28.33939102646812,1.3136661075635627,65.81456234527045
822,2.530552241345088,4.408019762521313,28.137268993394564,1.355697849664342,67.70804060025833
823,2.535417742749276,4.362310398436843,27.72071842544619,1.3667918848251894,68.56445022306755
824,2.395019099252478,4.3538919870152935,28.40599161256941,1.3043917292789822,65.86958904477257
825,2.431319100946933,4.181053302862806,28.393294174170826,1.318449436392987,65.75381714768262
826,2.5530488376040585,4.586735838141283,28.35865884821311,1.3612310681894386,67.61961275990252
827,2.542777598065695,4.119019844364532,28.270980014468993,1.332446530126631,67.7127255837744
828,2.424497578398224,4.409056761406103,28.84127376486232,1.3397633495836847,65.57723509943797
829,2.4574775396652244,4.549315549053334,28.897067655716977,1.3109655678156562,65.64686652306708
830,2.421837797469556,4.4112264877825345,27.89946399292232,1.3154218616916524,65.75224346163778
831,2.341176897932548,4.252626530553169,28.96872937046471,1.3072956644312659,64.65656879830674
832,2.3790928991284375,4.195328092706498,27.901894276249603,1.305651824664364,65.0493751019547
833,2.4493303520285443,4.505835740465089,28.800836892789683,1.3176809429341017,64.93091051279184
834,2.4017491014295147,4.018090903533825,28.79643994942064,1.3084283718901952,65.13429442930794
835,2.4285736596231713,4.122664433872408,27.46089512442707,1.3044405384555273,65.8344642974168
836,2.435611044387465,4.24189719840204,28.43944586576278,1.3286388220045064,66.07043757501923
837,2.549215195412374,4.594607020543039,28.03037059811664,1.3242017448942267,67.353813452032
838,2.4453451904444496,4.371394836929038,28.143410822428024,1.2976125038363886,64.7720654860429
839,2.5352724096142536,4.140828147006497,29.003239671806774,1.3337726988956564,66.72186493542728
840,2.418384289767365,4.247752321668623,28.124091115953274,1.3056515256001524,65.49069313728016
841,2.4368965779378384,4.189582854032323,28.034574121183066,1.3098767326228027,65.62237414257906
842,2.4081124199414745,4.184318794214968,28.406464506694174,1.2886396117517218,66.31382963308373
843,2.4301966750419015,4.485447448067222,28.894447191369878,1.2786950382010474,64.48347681779333
844,2.4053317198265067,4.044767647857864,28.333594338442115,1.3209731717333868,65.95581368552823
845,2.4376651396260725,4.635897723964817,29.012477508744915,1.3173386806578904,65.70707764089711
846,2.4090925634529996,4.485652229540699,28.66545637346317,1.2994527886852565,66.00031457518878
847,2.4156125849882333,4.533458058331764,27.334465719079166,1.340599881028318,65.76428621055119
848,2.4870965953079893,4.265365864210883,27.94549768516682,1.3406302696516452,67.89768833079675
849,2.378325344264279,4.265450560013666,28.24188543117671,1.314827847840023,64.77193519147441
850,2.3831276365508987,4.010289268254716,28.75508232091642,1.3054635183970922,64.84598155798292
851,2.378234769870613,4.189490671947918,27.21547570500655,1.2814986071644026,64.72115766806394
852,2.420977829790979,4.393854111386776,29.79888914506813,1.3306293597103362,64.7561570929073
853,2.3585932951273296,4.5520446009612545,28.801353104422226,1.268959251969846,64.64159943024879
854,2.4647249977046273,4.107276071717462,28.430901226569084,1.347090518550152,66.4353717538976
855,2.5020058191305066,4.259583701555022,28.927359413449196,1.352696535312935,66.63424444760378
856,2.3751887309511757,4.261948059675969,29.710787507793942,1.2787954995409414,64.61039518612371
857,2.358161962123188,4.007166229207781,29.003752974062806,1.3141733756475655,64.31620348231395
858,2.4198183748007094,4.430018017841473,28.915665700786843,1.3067472391978139,65.58740847448965
859,2.423046896824541,4.145826333961597,28.6122230106816,1.296398272895716,64.53122001550594
860,2.436125356661826,4.2745987555663385,28.36085299430781,1.3188832625771676,65.68384129008716
861,2.3972522323946226,4.214036428986733,28.23997076115201,1.3017401285396974,65.22131516845542
862,2.362911737147317,4.111535238105619,28.239929307894958,1.28561910471275,63.47014696247773
863,2.4274649593454187,4.328609232006868,28.006401804635356,1.3458880035140233,66.50091145514895
864,2.488962952952868,4.291214391118601,27.653040483667485,1.2993656673674416,66.71681534161026
865,2.3904589942806087,4.211142356003486,28.534494612361392,1.3116007373167824,64.27569662296096
866,2.3760946078266136,4.143674628075163,27.710831449330644,1.2561171126505188,64.46834762056162
867,2.383893728181218,4.36609482720234,28.584508796843114,1.3228408171325816,65.10949465228742
868,2.383049818856813,4.633237100468899,28.469266462126622,1.3250477495069934,65.12568233852208
869,2.4364876654119025,4.336325092687568,28.531729418594626,1.2865283175154392,65.41738230598716
870,2.506126251197755,4.533957067913622,28.065267090333023,1.3265171391723045,66.73667124656981
871,2.3680158480365114,4.012298901697618,30.0867137514487,1.268229193358592,64.51716433641555
872,2.3767001890197483,4.308821794838864,29.293710415189604,1.2729710863743353,63.863475349005505
873,2.2776440201844075,4.045528947417933,28.052715693896914,1.2588419255284309,63.25013056060728
874,2.345511352821744,3.9819392765160306,28.7298127336014,1.2929174726677974,63.86621310112053
875,2.386742081800743,4.1427602319065,28.2428243615398,1.3168406883207002,64.5317256699154
876,2.4268135350126925,4.564922589867659,27.860046521721568,1.354456399200744,66.32713614924724
877,2.3392650329791147,4.469657340989498,27.931693088160188,1.268410814724003,63.98270876277845
878,2.3735656521468376,4.3424382627032605,28.746921753917725,1.28965288081749,64.69186591461903
879,2.3922846579982218,3.981848469723868,28.21736697395594,1.2547198178574352,64.41942908509272
880,2.4212854385730114,4.272584577357657,28.92470947383638,1.2957233063053208,65.59203538176223
881,2.4080931512034014,4.398307617025293,28.80705303104049,1.357264647906895,66.8983807622473
882,2.2972898651428344,4.3112752836032255,29.306117004168193,1.3084796941584709,63.80840188437531
883,2.3430478206234264,3.907594675714198,28.192039654911213,1.2516664149727486,63.81766962051734
884,2.4305382012186283,4.1283189188484695,28.705770363083786,1.2945332032693861,65.3191244226222
885,2.3197897014164566,4.2856789588990205,28.823754549677332,1.2979663965895856,64.9247255864382
886,2.429132931992527,4.428406742593749,28.157168108996462,1.3267517838667031,66.05742803451555
887,2.3804269719783617,3.8560254669550833,28.1378588654282,1.2790589607766398,64.76255155875363
888,2.4017783830482156,4.243320204742926,29.426035333693495,1.2842262207281803,63.787249991944925
889,2.3825392170451,4.32271238716308,28.643234771929578,1.2846258462458713,64.70513165936448
890,2.423561523343375,4.473745021379538,28.798870756974388,1.30353357825873,65.19113118381479
891,2.404460147647683,4.435989048439411,28.101874336126418,1.3083432165519977,64.87087657959619
892,2.3235321013848487,4.4070272885072015,27.9377926430117,1.290641470141659,64.52565123727202
893,2.430009092699184,4.141072912821901,28.209970041942505,1.2923332963517562,65.05305070811438
894,2.416038292626942,3.920873300933854,28.425620664512426,1.3002815322799988,65.12368641792577
895,2.4315175419848467,4.227481060909129,27.937431934984275,1.3043243531373034,65.30458061607051
896,2.5057367279519966,4.491109930857337,28.54115976659668,1.2833833452179828,64.53917829078127
897,2.2940588955401235,4.552519166977903,27.786606098600668,1.2686523402196748,63.691413073650835
898,2.418753871057811,4.421576291575761,28.042643933184042,1.3114394145262984,63.973323555810204
899,2.396421474212037,4.385892434719292,28.835334273343715,1.3112426591177695,65.00121350794723
900,2.3376174083061234,4.334845519500995,29.00730731101994,1.2530079834632186,62.9458794911901
901,2.3703203888431967,4.1707685512977,28.394100114057284,1.2959313887400707,64.0996150324928
902,2.3295854900004818,4.240102849398694,28.160543304914434,1.2594385183142975,63.305745405470894
903,2.3396565481611007,4.607733654358922,28.116699478268714,1.2973822419453889,63.6959874596828
904,2.411698408966483,4.109765775543944,28.321978993517742,1.305670220546282,64.913868835116
905,2.3148889216501742,4.598849883844848,28.942788617308256,1.2737480828227934,63.7947062851439
906,2.3763926217251634,4.20795936731754,29.102297854592404,1.2813193367321571,63.61824991079758
907,2.2881808004783486,4.508690007021667,28.533716206245757,1.212186062161282,62.180179260132604
908,2.34351541478173,4.003727535912892,27.997801097945604,1.2625551884342043,64.25452689062003
909,2.3590140325925906,4.399621066358586,28.721720688304885,1.2585617259976756,64.12201130628283
910,2.4652123826766235,4.164807003173041,28.027427362874246,1.3150198922578396,65.60805151812828
911,2.3188361987472788,3.9790526434301707,28.43034327149436,1.29675638180471,63.10530409075041
912,2.363973367934486,4.315717489232566,29.302584641466634,1.3166366836742294,63.60053403751884
913,2.331237442781882,4.473876050180462,29.053649251976545,1.2847427144900834,63.59908462306341
914,2.4238706850811687,4.12892145800209,28.58943842752178,1.3079266352196783,64.89548728603945
915,2.3586354648655896,3.964018555314743,28.044931762411522,1.2278005927233688,63.19108737032118
916,2.4062077234196395,4.252306430063142,28.75232136908466,1.2598219069354533,63.53376914650668
917,2.356480994135252,4.259133427487931,29.14822617917693,1.2608648182052016,63.83102466216832
918,2.3650505878276573,4.377226597773018,28.47436980580664,1.2551457202970966,63.37813361310595
919,2.3233416375849663,4.444188974488464,29.404206743915527,1.2509071838438706,62.71350301077832
920,2.381806971568754,4.254566054617319,29.314127190400015,1.2570072793178755,63.3224545435909
921,2.352741308668019,4.6545094631190045,29.41482241527098,1.243822803952636,64.17044000800759
922,2.3177839996809095,4.285621997714945,28.948746319226238,1.255733253930238,62.03875244039436
923,2.3313274496078047,4.194048952037163,28.97702458371029,1.241879392723747,63.166712661927164
924,2.303252542319071,3.9237287917644754,29.476882326240343,1.250827200867264,62.30211317925205
925,2.376886707596628,4.230783843538483,28.8071182305259,1.3247974009967165,64.16578738008585
926,2.2799620366960034,4.161044137838423,28.607775311501644,1.2099338350889217,61.41607634603251
927,2.303421675312938,4.439038552016617,28.540840617934457,1.196371842305396,62.34887963801613
928,2.3468233864007675,4.357568071248858,28.793920744709432,1.259351261997885,63.25356732177436
929,2.430530160515719,4.052335158802586,27.91367437338134,1.3102281758290812,64.4104491564555
930,2.351230620110427,4.2894060824400295,28.653594516528795,1.2941221542422339,62.747760257891095
931,2.328470385008402,4.378844476093645,29.325582350375953,1.2199472498587867,62.22691208739175
932,2.377713576763746,4.59824398136106,27.441184526999894,1.3025716939482235,64.63188547417465
933,2.2403626135111767,4.402927733135799,29.640106352632323,1.2161207305173862,61.27134698264937
934,2.266759530877985,4.361953392554648,29.51226680088982,1.20766509460627,60.48920308461762
935,2.360858834670125,4.273950945352347,28.46044895993819,1.3148206133696547,63.09668732146571
936,2.34274215150444,4.32012836391275,29.05936559979561,1.2124065562601567,62.123298141402984
937,2.2600747250952646,4.481357274127362,28.84429239352251,1.236531087216022,61.57281469930652
938,2.3341447865676153,3.9988668157626788,29.2878837079263,1.2747761586939172,63.271114762930424
939,2.27350103748782,4.185617843942329,29.21381302445637,1.2772214358845073,62.775285469286025
940,2.2798633501269077,4.084209214199419,28.10634981865516,1.2406826270200848,61.93614819753335
941,2.293878280031608,4.299604226293455,29.17476319399094,1.2299346133383116,61.18868012741148
942,2.3284830998917405,4.512248738518583,28.56616455623625,1.2583713320399894,63.31021516942126
943,2.3523140677691625,4.141740101527752,28.73574149089922,1.2665174976968687,63.056747943598324
944,2.2985033976559115,3.7674626350660287,28.408296506715512,1.2386596630499684,62.276175427995824
945,2.3847816219351197,4.201372019151037,29.45498769378076,1.2962476059530523,64.19080840779657
946,2.231557385308797,4.407553193432274,29.395738674807326,1.21746624030792,61.24292235143963
947,2.250540613040088,4.322652645212177,28.554481094902513,1.2226686725002442,60.75633323111003
948,2.187942156787813,4.316813593299863,28.17681297785614,1.2305910874640489,61.558817186887424
949,2.294831916594803,4.187481772781679,28.589761518728203,1.2660014381720177,62.17402165782872
950,2.2610640712340593,3.9928307546725366,28.974066813463182,1.247609027444724,62.43184509582469
951,2.3270786104957426,4.341382526486697,28.92848461116409,1.2028630127976665,61.9161831080902
952,2.3350231545695723,4.082711710418284,29.378726050258077,1.274806502439489,62.47840362126046
953,2.2652190049238636,4.653694414494946,29.310584521996155,1.1987604218016024,60.84375339094274
954,2.3954268355512105,4.384261792339243,29.133982759534753,1.2570850238953635,63.50801753341699
955,2.263722367480589,4.122891887113715,28.968319962182694,1.2271083217436352,61.951077381225254
956,2.3878429705396047,4.1401132611180245,27.993399081915754,1.2898790724591667,63.11951552978752
957,2.3335819592252265,4.22769019235156,28.670755566055156,1.2035655493947042,62.31395168371391
958,2.301592403855479,4.200039649364324,29.29034470111096,1.310695004441874,62.397001688433704
959,2.3457935789766653,4.472947822436357,28.726333199085847,1.2707022035116868,62.47905336651829
960,2.272874961031013,4.2838041887614375,29.01894041024873,1.2509857330952114,62.3260477406314
961,2.2873994038167753,4.103476262306189,28.59161279193746,1.2487047300755691,62.49013050439475
962,2.3181311474185344,4.641001023039657,28.170529645686575,1.2686239675056532,63.14564430042501
963,2.277468828293739,4.249503914701699,28.740116725988678,1.2500646969652407,61.9821124198827
964,2.2794605382772835,4.4030421338749095,28.908152728110675,1.2621785104001313,62.46370993405651
965,2.3171542233572033,4.1110367154539365,28.508746055554838,1.2437941062629572,61.63410084714442
966,2.328159051442661,4.3352851166049895,28.568834422291246,1.2644536046811894,63.13309955280422
967,2.267047945465892,4.281937023317929,28.43169325356056,1.2157682566831431,60.98575125446448
968,2.3298831021007613,3.8907153540635644,29.216396396368072,1.2656197468097254,63.43226062413978
969,2.2231150094589918,4.634262107754532,28.696736692893964,1.2273089200553504,61.560354283120205
970,2.23324267000123,4.460907783670719,29.712483315132044,1.2254542934235504,60.138944574310464
971,2.224313087015447,4.153901875299472,29.597669232627105,1.2452120729742875,61.66704692643351
972,2.248544754350921,3.996088633386389,28.87676411025133,1.157734808784274,60.827129073877984
973,2.264719430292054,4.315873880305055,28.2639678460046,1.25947957307494,62.31807787721724
974,2.3089992146378697,4.233221126186093,27.87764312961726,1.2197763101975891,60.79407931516069
975,2.283223636664125,4.290529873495826,28.167001044570707,1.2190219086542622,60.969804189159
976,2.204515236951583,4.2282304107055415,28.363507930217054,1.1821445624049458,59.49574657333618
977,2.2912961528203604,4.3192941181264395,29.59900521240448,1.2405281746649743,60.9022960132627
978,2.1539124954682882,4.467462207333638,29.167906956337095,1.196951596697733,58.90005337276379
979,2.225551277589649,4.30780815250116,29.223864704668845,1.1787299581189579,59.7093755737715
980,2.3008473137712397,4.03052998170973,27.687484088073848,1.2486021272342087,62.02305407458591
981,2.3025797912556794,4.51286888882123,28.19923519399767,1.2209231835879144,62.017815913937
982,2.3183646085942415,4.560660211936057,29.280853392031148,1.2049449359426205,61.626864961919956
983,2.249516776565044,4.834488110946552,29.123003235970618,1.1915424195523359,60.20383820220676
984,2.2690851432874095,3.997151697894058,28.817144837947314,1.239098373989633,61.09252522709889
985,2.211278024896394,4.270697833972348,29.171814022588595,1.241183932249815,61.10607156711466
986,2.1882668131852636,3.78199550371012,29.82582268132832,1.2086769527498633,59.920762217395875
987,2.310742483297399,4.361669696846259,28.63427944037939,1.2655417813073764,62.55199327852082
988,2.2929324734151146,4.128268752359518,28.845140841364667,1.248232377735172,61.89544059964365
989,2.214458558976466,4.6000214134064406,29.0196371871584,1.2025026225369915,60.76661272207252
990,2.328757433306494,4.064756537368792,30.09765716077445,1.228317982265988,60.98397656862546
991,2.3074869182490754,3.8848634446181523,27.836821606732464,1.2387082427161582,61.13500261058022
992,2.195677431449794,4.082835836636804,29.456168583507864,1.1921744113735793,58.85442923886539
993,2.245047317216808,3.8172733708259217,28.880744250273725,1.236149192498842,60.61854625346745
994,2.2193063538283995,4.353286173563858,29.268054449780106,1.217232359606418,60.153314133119835
995,2.1841633742308897,3.7830487572522795,28.690986890484915,1.203094330654376,59.803268325177214
996,2.240579963857999,4.215559380183893,28.92617816483447,1.2312708687135898,60.49339319736306
997,2.32177918974255,3.835273643346743,29.101525253142835,1.2503055821330014,62.54180036589913
998,2.2328670954359526,4.163032283795592,30.42099587700732,1.2094543516783651,61.35459223514598
999,2.2341774731197854,4.530920053108171,29.392795984964717,1.1989830826683887,60.1122210973632
1000,2.2606912323821793,4.296642553339549,28.453402325722795,1.2096149221562613,61.225648752619506
